INSERT INTO user
	(id, email, password, name, surname, role)
VALUES
	('0', 'admin@albarapp.com', '$2a$10$eB4FAVGW3ykdZCpofs1zwO.zKHup.Y6B21hPpWCbfqH1dyD8uhJHS', 'admin-name', 'admin-surname', 'ADMIN');
INSERT INTO user
	(id, email, password, name, surname, role)
VALUES
	('1', 'user@albarapp.com', '$2a$10$1A6X0IvozT15pfnbeDGBVujKF70vthvAyIJvuAKdotFY/MOcfo0NO', 'user-name', 'user-surname', 'USER');

INSERT INTO product
	(id, code, factory_price, name, tax, aecoc_gtin)
VALUES
	('1', 1, 0.15, 'Huevo XL', 0, NULL),
	('2', 2, 0.13, 'Huevo L', 0, NULL),
	('3', 3, 0.11, 'Huevo M', 0, NULL),
	('4', 4, 0.09, 'Huevo S', 0, NULL),
	('4bd9496c-1552-468f-9497-b184d8eb47b7', 10, 4.5, 'Machos', 3, NULL),
	('5', 5, 0.13, 'Huevo M - Estuche 10uds', 0, '11111100000011'),
	('6', 6, 0.13, 'Huevo M - Estuche 6uds', 0, '22220000000011'),
	('679d1143-d92a-48c6-a521-81681133c791', 11, 2.5, 'Pollitas de 3 dias', 3, NULL),
	('7', 8, 4, 'Pollitas', 3, NULL),
	('c4a16657-8368-4d14-9330-1b0c903c0ba2', 9, 4, 'Pollitas blancas', 3, NULL),
	('cbcb9728-762d-4632-9947-dd3e8652779c', 7, 0.14, 'Huevo L - Estuche 10uds', 0, NULL);

INSERT INTO customer
	(id, address, alias, code, email, fiscal_id, name, province, phone_number, receiver_gln, buyer_gln, ship_gln, payer_gln, invoicee_gln)
VALUES
	('0134dfd1-dbaa-4a45-a4b7-c513a9b6f256', 'DIRECCION 1', 'ALIAS 1', 1, NULL, '00000000A', 'NOMBRE 1', 'PROVINCIA 1', NULL, NULL, NULL, NULL, NULL, NULL),
	('02d3e82b-31ce-4f0e-bcab-377ef305a8e8', 'DIRECCION 2', 'ALIAS 2', 2, NULL, '00000000A', 'NOMBRE 2', 'PROVINCIA 2', NULL, NULL, NULL, NULL, NULL, NULL),
	('032fbd78-99f5-4f80-a655-dc6d46a2c389', 'DIRECCION 3', 'ALIAS 3', 3, NULL, '00000000A', 'NOMBRE 3', 'PROVINCIA 3', NULL, NULL, NULL, NULL, NULL, NULL),
	('04d05554-9a4f-4301-9d1c-4447c8b00d56', 'DIRECCION 4', 'ALIAS 4', 4, NULL, '00000000A', 'NOMBRE 4', 'PROVINCIA 4', NULL, NULL, NULL, NULL, NULL, NULL),
	('0613909b-a692-4fae-8da8-b94bb3a2bf90', 'DIRECCION 5', 'ALIAS 5', 5, NULL, '00000000A', 'NOMBRE 5', 'PROVINCIA 5', NULL, NULL, NULL, NULL, NULL, NULL),
	('07a3d35f-6f5f-4efa-a943-da0a5881da4b', 'DIRECCION 6', 'ALIAS 6', 6, NULL, '00000000A', 'NOMBRE 6', 'PROVINCIA 6', NULL, NULL, NULL, NULL, NULL, NULL),
	('086023be-f262-43c7-907a-6855132f7a85', 'DIRECCION 7', 'ALIAS 7', 7, NULL, '00000000A', 'NOMBRE 7', 'PROVINCIA 7', NULL, NULL, NULL, NULL, NULL, NULL),
	('092e1d32-a32a-40c5-8c6e-d59b2c23fa42', 'DIRECCION 8', 'ALIAS 8', 8, NULL, '00000000A', 'NOMBRE 8', 'PROVINCIA 8', NULL, NULL, NULL, NULL, NULL, NULL),
	('09c46f1b-383e-48d7-a2f0-a9562bf0b966', 'DIRECCION 9', 'ALIAS 9', 9, NULL, '00000000A', 'NOMBRE 9', 'PROVINCIA 9', NULL, NULL, NULL, NULL, NULL, NULL),
	('0ccb7709-d111-47f3-8386-a95a39003ee3', 'DIRECCION 10', 'ALIAS 10', 10, NULL, '00000000A', 'NOMBRE 10', 'PROVINCIA 10', NULL, NULL, NULL, NULL, NULL, NULL),
	('0dedbb12-8dd3-4ef3-93e2-76d8b4ac5418', 'DIRECCION 11', 'ALIAS 11', 11, NULL, '00000000A', 'NOMBRE 11', 'PROVINCIA 11', NULL, NULL, NULL, NULL, NULL, NULL),
	('1', 'DIRECCION 12', 'ALIAS 12', 12, NULL, '00000000A', 'NOMBRE 12', 'PROVINCIA 12', NULL, NULL, NULL, NULL, NULL, NULL),
	('122b0850-2e0b-47fa-956c-ee815d031b07', 'DIRECCION 13', 'ALIAS 13', 13, NULL, '00000000A', 'NOMBRE 13', 'PROVINCIA 13', NULL, NULL, NULL, NULL, NULL, NULL),
	('13bf065b-b1db-4b62-9692-d9628c938136', 'DIRECCION 14', 'ALIAS 14', 14, NULL, '00000000A', 'NOMBRE 14', 'PROVINCIA 14', NULL, NULL, NULL, NULL, NULL, NULL),
	('16b35c63-22ee-4a4a-9771-19d955b36e6b', 'DIRECCION 15', 'ALIAS 15', 15, NULL, '00000000A', 'NOMBRE 15', 'PROVINCIA 15', NULL, NULL, NULL, NULL, NULL, NULL),
	('1b004a8c-59a9-41fc-9cac-1683ee9858eb', 'DIRECCION 16', 'ALIAS 16', 16, NULL, '00000000A', 'NOMBRE 16', 'PROVINCIA 16', NULL, NULL, NULL, NULL, NULL, NULL),
	('1b7ddab6-f4ea-44b3-83a3-b28bf21de73d', 'DIRECCION 17', 'ALIAS 17', 17, NULL, '00000000A', 'NOMBRE 17', 'PROVINCIA 17', NULL, NULL, NULL, NULL, NULL, NULL),
	('1c9bdf76-493b-49c4-ac5b-b71a77d76283', 'DIRECCION 18', 'ALIAS 18', 18, NULL, '00000000A', 'NOMBRE 18', 'PROVINCIA 18', NULL, NULL, NULL, NULL, NULL, NULL),
	('1d698c71-dc1b-4bc2-8da9-8d8449f23696', 'DIRECCION 19', 'ALIAS 19', 19, NULL, '00000000A', 'NOMBRE 19', 'PROVINCIA 19', NULL, NULL, NULL, NULL, NULL, NULL),
	('1e0e13c4-9bcd-44e3-b2e5-1ada76684e45', 'DIRECCION 20', 'ALIAS 20', 20, NULL, '00000000A', 'NOMBRE 20', 'PROVINCIA 20', NULL, NULL, NULL, NULL, NULL, NULL),
	('2', 'DIRECCION 21', 'ALIAS 21', 21, NULL, '00000000A', 'NOMBRE 21', 'PROVINCIA 21', NULL, NULL, NULL, NULL, NULL, NULL),
	('20f4e51b-0989-4aa6-8bab-267a42cffc91', 'DIRECCION 22', 'ALIAS 22', 22, NULL, '00000000A', 'NOMBRE 22', 'PROVINCIA 22', NULL, NULL, NULL, NULL, NULL, NULL),
	('214462be-ac79-4fa6-a5e8-cf619727d86d', 'DIRECCION 23', 'ALIAS 23', 23, NULL, '00000000A', 'NOMBRE 23', 'PROVINCIA 23', NULL, NULL, NULL, NULL, NULL, NULL),
	('2235a2eb-e622-4b84-8b21-fe85facd5e6d', 'DIRECCION 24', 'ALIAS 24', 24, NULL, '00000000A', 'NOMBRE 24', 'PROVINCIA 24', NULL, NULL, NULL, NULL, NULL, NULL),
	('22c1100e-3211-4d58-9167-7550025a1485', 'DIRECCION 25', 'ALIAS 25', 25, NULL, '00000000A', 'NOMBRE 25', 'PROVINCIA 25', NULL, NULL, NULL, NULL, NULL, NULL),
	('237a1c1c-d327-4cf9-ae45-747641b13d4f', 'DIRECCION 26', 'ALIAS 26', 26, NULL, '00000000A', 'NOMBRE 26', 'PROVINCIA 26', NULL, NULL, NULL, NULL, NULL, NULL),
	('26ddf49c-79cb-4ca5-b58c-7fe7aec1617d', 'DIRECCION 27', 'ALIAS 27', 27, NULL, '00000000A', 'NOMBRE 27', 'PROVINCIA 27', NULL, NULL, NULL, NULL, NULL, NULL),
	('2b59b68c-2468-4a6a-a237-f4be7350baec', 'DIRECCION 28', 'ALIAS 28', 28, NULL, '00000000A', 'NOMBRE 28', 'PROVINCIA 28', NULL, NULL, NULL, NULL, NULL, NULL),
	('2ca45eae-e607-428d-bf71-d1820a2bcbfd', 'DIRECCION 29', 'ALIAS 29', 29, NULL, '00000000A', 'NOMBRE 29', 'PROVINCIA 29', NULL, NULL, NULL, NULL, NULL, NULL),
	('2e63aedb-0988-4069-afcc-f766ab77b7ac', 'DIRECCION 30', 'ALIAS 30', 30, NULL, '00000000A', 'NOMBRE 30', 'PROVINCIA 30', NULL, NULL, NULL, NULL, NULL, NULL),
	('2fb7eb55-23fd-4488-b137-c3166c9e6e6a', 'DIRECCION 31', 'ALIAS 31', 31, NULL, '00000000A', 'NOMBRE 31', 'PROVINCIA 31', NULL, NULL, NULL, NULL, NULL, NULL),
	('3', 'DIRECCION 32', 'ALIAS 32', 32, NULL, '00000000A', 'NOMBRE 32', 'PROVINCIA 32', NULL, NULL, NULL, NULL, NULL, NULL),
	('3097f9fd-e023-4e4f-81ce-46128f299a97', 'DIRECCION 33', 'ALIAS 33', 33, NULL, '00000000A', 'NOMBRE 33', 'PROVINCIA 33', NULL, NULL, NULL, NULL, NULL, NULL),
	('33a8d80c-ff2b-4f49-811f-829b47c4168b', 'DIRECCION 34', 'ALIAS 34', 34, NULL, '00000000A', 'NOMBRE 34', 'PROVINCIA 34', NULL, NULL, NULL, NULL, NULL, NULL),
	('34d2144b-b1cf-4de0-a459-25aaf8218b9a', 'DIRECCION 35', 'ALIAS 35', 35, NULL, '00000000A', 'NOMBRE 35', 'PROVINCIA 35', NULL, NULL, NULL, NULL, NULL, NULL),
	('36647dee-5dc1-436c-8fdc-8f1cbb64e738', 'DIRECCION 36', 'ALIAS 36', 36, NULL, '00000000A', 'NOMBRE 36', 'PROVINCIA 36', NULL, NULL, NULL, NULL, NULL, NULL),
	('39f1e5ed-b243-4a62-b834-c9ab827f7e8b', 'DIRECCION 37', 'ALIAS 37', 37, NULL, '00000000A', 'NOMBRE 37', 'PROVINCIA 37', NULL, NULL, NULL, NULL, NULL, NULL),
	('3adb6160-cfa2-4248-af1b-c9d9b62c45bf', 'DIRECCION 38', 'ALIAS 38', 38, NULL, '00000000A', 'NOMBRE 38', 'PROVINCIA 38', NULL, NULL, NULL, NULL, NULL, NULL),
	('3be04135-360a-4523-8be0-fbfc3091b664', 'DIRECCION 39', 'ALIAS 39', 39, NULL, '00000000A', 'NOMBRE 39', 'PROVINCIA 39', NULL, NULL, NULL, NULL, NULL, NULL),
	('3cf1c9db-7807-4b7e-acd9-b07c26f3e29e', 'DIRECCION 40', 'ALIAS 40', 40, NULL, '00000000A', 'NOMBRE 40', 'PROVINCIA 40', NULL, NULL, NULL, NULL, NULL, NULL),
	('41da413e-f273-46ea-ac72-53dfc829f5e0', 'DIRECCION 41', 'ALIAS 41', 41, NULL, '00000000A', 'NOMBRE 41', 'PROVINCIA 41', NULL, NULL, NULL, NULL, NULL, NULL),
	('446cfafd-6b63-4263-92c9-2940ec9fd820', 'DIRECCION 42', 'ALIAS 42', 42, NULL, '00000000A', 'NOMBRE 42', 'PROVINCIA 42', NULL, NULL, NULL, NULL, NULL, NULL),
	('470a85d1-bcb9-4659-b3bd-83e76628bbfe', 'DIRECCION 43', 'ALIAS 43', 43, NULL, '00000000A', 'NOMBRE 43', 'PROVINCIA 43', NULL, NULL, NULL, NULL, NULL, NULL),
	('49d75c22-8ed7-4601-bd94-5022219c8311', 'DIRECCION 44', 'ALIAS 44', 44, NULL, '00000000A', 'NOMBRE 44', 'PROVINCIA 44', NULL, NULL, NULL, NULL, NULL, NULL),
	('4ae7b1f7-31bd-4448-a4a6-0aaf57b145f6', 'DIRECCION 45', 'ALIAS 45', 45, NULL, '00000000A', 'NOMBRE 45', 'PROVINCIA 45', NULL, NULL, NULL, NULL, NULL, NULL),
	('4bfd0073-24f6-447a-98a7-5d35358e195c', 'DIRECCION 46', 'ALIAS 46', 46, NULL, '00000000A', 'NOMBRE 46', 'PROVINCIA 46', NULL, NULL, NULL, NULL, NULL, NULL),
	('4c9393db-1680-49ec-af31-bcbbe76e25d3', 'DIRECCION 47', 'ALIAS 47', 47, NULL, '00000000A', 'NOMBRE 47', 'PROVINCIA 47', NULL, NULL, NULL, NULL, NULL, NULL),
	('4d2124ed-c2e5-4de1-8ddf-9ea420e848d5', 'DIRECCION 48', 'ALIAS 48', 48, NULL, '00000000A', 'NOMBRE 48', 'PROVINCIA 48', NULL, NULL, NULL, NULL, NULL, NULL),
	('4da24f63-4cd8-42ed-b329-c7e071733d49', 'DIRECCION 49', 'ALIAS 49', 49, NULL, '00000000A', 'NOMBRE 49', 'PROVINCIA 49', NULL, NULL, NULL, NULL, NULL, NULL),
	('50606a53-968a-4c06-bbef-75af414be9e4', 'DIRECCION 50', 'ALIAS 50', 50, NULL, '00000000A', 'NOMBRE 50', 'PROVINCIA 50', NULL, NULL, NULL, NULL, NULL, NULL),
	('514a0bea-684d-458d-9370-f202ea032135', 'DIRECCION 51', 'ALIAS 51', 51, NULL, '00000000A', 'NOMBRE 51', 'PROVINCIA 51', NULL, NULL, NULL, NULL, NULL, NULL),
	('53746dc8-450e-4d2a-849b-da6156f0cdfa', 'DIRECCION 52', 'ALIAS 52', 52, NULL, '00000000A', 'NOMBRE 52', 'PROVINCIA 52', NULL, NULL, NULL, NULL, NULL, NULL),
	('5422423f-be38-4428-8678-8290751d8050', 'DIRECCION 53', 'ALIAS 53', 53, NULL, '00000000A', 'NOMBRE 53', 'PROVINCIA 53', NULL, NULL, NULL, NULL, NULL, NULL),
	('5531f0ed-588c-4964-9e28-08e5e035aa6d', 'DIRECCION 54', 'ALIAS 54', 54, NULL, '00000000A', 'NOMBRE 54', 'PROVINCIA 54', NULL, NULL, NULL, NULL, NULL, NULL),
	('55578594-7822-4953-b3d0-0fa2361d09a7', 'DIRECCION 55', 'ALIAS 55', 55, NULL, '00000000A', 'NOMBRE 55', 'PROVINCIA 55', NULL, NULL, NULL, NULL, NULL, NULL),
	('57e434c9-4498-4d78-bad8-f03c4f984cb4', 'DIRECCION 56', 'ALIAS 56', 56, NULL, '00000000A', 'NOMBRE 56', 'PROVINCIA 56', NULL, NULL, NULL, NULL, NULL, NULL),
	('59fdaa41-22f9-4498-b97f-b68c7b1fb697', 'DIRECCION 57', 'ALIAS 57', 57, NULL, '00000000A', 'NOMBRE 57', 'PROVINCIA 57', NULL, '1111111111111', '1111111111111', '1111111111111', '1111111111111', '1111111111111'),
	('5b65e6f8-7f9e-44a2-963c-2d9c9796f576', 'DIRECCION 58', 'ALIAS 58', 58, NULL, '00000000A', 'NOMBRE 58', 'PROVINCIA 58', NULL, NULL, NULL, NULL, NULL, NULL),
	('5c34f343-8d73-4512-8e89-469e617fa052', 'DIRECCION 59', 'ALIAS 59', 59, NULL, '00000000A', 'NOMBRE 59', 'PROVINCIA 59', NULL, NULL, NULL, NULL, NULL, NULL),
	('5ed36912-05f1-42d2-be31-d8f90bef7e97', 'DIRECCION 60', 'ALIAS 60', 60, NULL, '00000000A', 'NOMBRE 60', 'PROVINCIA 60', NULL, '2222222222222', '2222222222222', '2222222222222', '2222222222222', '2222222222222'),
	('645755b2-daea-45df-be42-49271b919c52', 'DIRECCION 61', 'ALIAS 61', 61, NULL, '00000000A', 'NOMBRE 61', 'PROVINCIA 61', NULL, NULL, NULL, NULL, NULL, NULL),
	('64e8c8f2-60a0-4c34-95af-fb428649af23', 'DIRECCION 62', 'ALIAS 62', 62, NULL, '00000000A', 'NOMBRE 62', 'PROVINCIA 62', NULL, NULL, NULL, NULL, NULL, NULL),
	('65a86d31-8c7a-4939-9b55-1d8f438839b1', 'DIRECCION 63', 'ALIAS 63', 63, NULL, '00000000A', 'NOMBRE 63', 'PROVINCIA 63', NULL, '3333333333333', '3333333333333', '3333333333333', '3333333333333', '3333333333333'),
	('67071438-78ea-4de2-96d8-81c2db312873', 'DIRECCION 64', 'ALIAS 64', 64, NULL, '00000000A', 'NOMBRE 64', 'PROVINCIA 64', NULL, NULL, NULL, NULL, NULL, NULL),
	('67d52662-40d7-42ee-8184-95410af98dbc', 'DIRECCION 65', 'ALIAS 65', 65, NULL, '00000000A', 'NOMBRE 65', 'PROVINCIA 65', NULL, NULL, NULL, NULL, NULL, NULL),
	('67ec86d4-99bc-42b4-bc66-f2e78ab9da77', 'DIRECCION 66', 'ALIAS 66', 66, NULL, '00000000A', 'NOMBRE 66', 'PROVINCIA 66', NULL, NULL, NULL, NULL, NULL, NULL),
	('6896644a-14f3-4279-b30e-5faf29bf57e8', 'DIRECCION 67', 'ALIAS 67', 67, NULL, '00000000A', 'NOMBRE 67', 'PROVINCIA 67', NULL, NULL, NULL, NULL, NULL, NULL),
	('69124303-5f99-416f-a2bd-96d5528f71f3', 'DIRECCION 68', 'ALIAS 68', 68, NULL, '00000000A', 'NOMBRE 68', 'PROVINCIA 68', NULL, NULL, NULL, NULL, NULL, NULL),
	('6c7e0ae2-ac28-463c-a4ef-4483ae700bbe', 'DIRECCION 69', 'ALIAS 69', 69, NULL, '00000000A', 'NOMBRE 69', 'PROVINCIA 69', NULL, NULL, NULL, NULL, NULL, NULL),
	('6daa868f-ae4d-4339-9f5b-cfcecad3872c', 'DIRECCION 70', 'ALIAS 70', 70, NULL, '00000000A', 'NOMBRE 70', 'PROVINCIA 70', NULL, NULL, NULL, NULL, NULL, NULL),
	('6e1434f5-0b32-4556-bb80-b8f18f3434a0', 'DIRECCION 71', 'ALIAS 71', 71, NULL, '00000000A', 'NOMBRE 71', 'PROVINCIA 71', NULL, NULL, NULL, NULL, NULL, NULL),
	('71a95985-def8-4d30-8a41-4e59cce1424b', 'DIRECCION 72', 'ALIAS 72', 72, NULL, '00000000A', 'NOMBRE 72', 'PROVINCIA 72', NULL, NULL, NULL, NULL, NULL, NULL),
	('7679ce51-efce-449c-8487-f05f31941d77', 'DIRECCION 73', 'ALIAS 73', 73, NULL, '00000000A', 'NOMBRE 73', 'PROVINCIA 73', NULL, NULL, NULL, NULL, NULL, NULL),
	('76bd4c96-3658-488f-acfe-654cfa7d4386', 'DIRECCION 74', 'ALIAS 74', 74, NULL, '00000000A', 'NOMBRE 74', 'PROVINCIA 74', NULL, '4444444444444', '4444444444444', '4444444444444', '4444444444444', '4444444444444'),
	('76ef3bff-8687-4266-833f-b83d3e404304', 'DIRECCION 75', 'ALIAS 75', 75, NULL, '00000000A', 'NOMBRE 75', 'PROVINCIA 75', NULL, NULL, NULL, NULL, NULL, NULL),
	('7da495a9-fed8-4a0e-b964-a3d514a4b810', 'DIRECCION 76', 'ALIAS 76', 76, NULL, '00000000A', 'NOMBRE 76', 'PROVINCIA 76', NULL, NULL, NULL, NULL, NULL, NULL),
	('7e8757f6-f660-4a78-a6d0-c4ecbf671d5c', 'DIRECCION 77', 'ALIAS 77', 77, NULL, '00000000A', 'NOMBRE 77', 'PROVINCIA 77', NULL, NULL, NULL, NULL, NULL, NULL),
	('7ec6449e-f8ea-434c-bcd2-2c83cf48a654', 'DIRECCION 78', 'ALIAS 78', 78, NULL, '00000000A', 'NOMBRE 78', 'PROVINCIA 78', NULL, NULL, NULL, NULL, NULL, NULL),
	('825d8945-a4f5-42f8-8171-350772b9ab98', 'DIRECCION 79', 'ALIAS 79', 79, NULL, '00000000A', 'NOMBRE 79', 'PROVINCIA 79', NULL, NULL, NULL, NULL, NULL, NULL),
	('860d16ae-3898-4ac0-bb1c-e1547add3fe2', 'DIRECCION 80', 'ALIAS 80', 80, NULL, '00000000A', 'NOMBRE 80', 'PROVINCIA 80', NULL, NULL, NULL, NULL, NULL, NULL),
	('87dc6db6-1831-4a90-b5fc-f80170782e65', 'DIRECCION 81', 'ALIAS 81', 81, NULL, '00000000A', 'NOMBRE 81', 'PROVINCIA 81', NULL, NULL, NULL, NULL, NULL, NULL),
	('8ea9fab9-ac07-4dd7-8bc3-8b3916a75dc1', 'DIRECCION 82', 'ALIAS 82', 82, NULL, '00000000A', 'NOMBRE 82', 'PROVINCIA 82', NULL, NULL, NULL, NULL, NULL, NULL),
	('909a4e2a-e05b-4c27-84f7-a658def32503', 'DIRECCION 83', 'ALIAS 83', 83, NULL, '00000000A', 'NOMBRE 83', 'PROVINCIA 83', NULL, NULL, NULL, NULL, NULL, NULL),
	('90cbe539-0bd8-4f32-bb7b-a7e1493d43ce', 'DIRECCION 84', 'ALIAS 84', 84, NULL, '00000000A', 'NOMBRE 84', 'PROVINCIA 84', NULL, NULL, NULL, NULL, NULL, NULL),
	('91bae107-0aab-487f-ac6e-b99bdde8d22c', 'DIRECCION 85', 'ALIAS 85', 85, NULL, '00000000A', 'NOMBRE 85', 'PROVINCIA 85', NULL, NULL, NULL, NULL, NULL, NULL),
	('91fa730f-0931-4745-99c5-e7a44f048d58', 'DIRECCION 86', 'ALIAS 86', 86, NULL, '00000000A', 'NOMBRE 86', 'PROVINCIA 86', NULL, NULL, NULL, NULL, NULL, NULL),
	('920a5efa-8773-478b-b414-e8f91d03da9d', 'DIRECCION 87', 'ALIAS 87', 87, NULL, '00000000A', 'NOMBRE 87', 'PROVINCIA 87', NULL, NULL, NULL, NULL, NULL, NULL),
	('949911dc-a488-4260-b4ac-dac3de883c4a', 'DIRECCION 88', 'ALIAS 88', 88, NULL, '00000000A', 'NOMBRE 88', 'PROVINCIA 88', NULL, NULL, NULL, NULL, NULL, NULL),
	('98ef4950-d66f-4569-96bb-34fd448a5311', 'DIRECCION 89', 'ALIAS 89', 89, NULL, '00000000A', 'NOMBRE 89', 'PROVINCIA 89', NULL, NULL, NULL, NULL, NULL, NULL),
	('98f0ca30-ee75-4551-a461-11869ea426bf', 'DIRECCION 90', 'ALIAS 90', 90, NULL, '00000000A', 'NOMBRE 90', 'PROVINCIA 90', NULL, NULL, NULL, NULL, NULL, NULL),
	('990b9ae9-a8e7-4144-a375-8e5504b5e295', 'DIRECCION 91', 'ALIAS 91', 91, NULL, '00000000A', 'NOMBRE 91', 'PROVINCIA 91', NULL, NULL, NULL, NULL, NULL, NULL),
	('9af0ccf5-3e8e-447e-87eb-75e8a58210a5', 'DIRECCION 92', 'ALIAS 92', 92, NULL, '00000000A', 'NOMBRE 92', 'PROVINCIA 92', NULL, NULL, NULL, NULL, NULL, NULL),
	('9c5894d3-fe8c-44f2-ae40-510fbda9f45e', 'DIRECCION 93', 'ALIAS 93', 93, NULL, '00000000A', 'NOMBRE 93', 'PROVINCIA 93', NULL, NULL, NULL, NULL, NULL, NULL),
	('9f499ee3-af0d-4023-97c1-4633e3680788', 'DIRECCION 94', 'ALIAS 94', 94, NULL, '00000000A', 'NOMBRE 94', 'PROVINCIA 94', NULL, NULL, NULL, NULL, NULL, NULL),
	('a24cc1fd-cf2a-4e55-8bb9-61f1a68e52db', 'DIRECCION 95', 'ALIAS 95', 95, NULL, '00000000A', 'NOMBRE 95', 'PROVINCIA 95', NULL, NULL, NULL, NULL, NULL, NULL),
	('a3122534-bcc4-45f5-9477-5d8122c86b63', 'DIRECCION 96', 'ALIAS 96', 96, NULL, '00000000A', 'NOMBRE 96', 'PROVINCIA 96', NULL, NULL, NULL, NULL, NULL, NULL),
	('a3991e66-1b1c-4968-9b56-4e85c3673afe', 'DIRECCION 97', 'ALIAS 97', 97, NULL, '00000000A', 'NOMBRE 97', 'PROVINCIA 97', NULL, NULL, NULL, NULL, NULL, NULL),
	('a82dca3e-e46e-482f-820c-e962bb1615a8', 'DIRECCION 98', 'ALIAS 98', 98, NULL, '00000000A', 'NOMBRE 98', 'PROVINCIA 98', NULL, NULL, NULL, NULL, NULL, NULL),
	('a83fb74e-c539-4f5a-9cf4-869c876655f6', 'DIRECCION 99', 'ALIAS 99', 99, NULL, '00000000A', 'NOMBRE 99', 'PROVINCIA 99', NULL, NULL, NULL, NULL, NULL, NULL),
	('a8c9b719-f5df-4bf9-b44d-d56f5a048ce9', 'DIRECCION 100', 'ALIAS 100', 100, NULL, '00000000A', 'NOMBRE 100', 'PROVINCIA 100', NULL, NULL, NULL, NULL, NULL, NULL),
	('a95b3743-e7e7-42f4-b9b6-260d36b91bcb', 'DIRECCION 101', 'ALIAS 101', 101, NULL, '00000000A', 'NOMBRE 101', 'PROVINCIA 101', NULL, NULL, NULL, NULL, NULL, NULL),
	('a9adf9ee-bc0f-4b75-99b5-61272d6ae944', 'DIRECCION 102', 'ALIAS 102', 102, NULL, '00000000A', 'NOMBRE 102', 'PROVINCIA 102', NULL, NULL, NULL, NULL, NULL, NULL),
	('ae4f9af6-d90e-4f5a-a463-a2f56f7a11f1', 'DIRECCION 103', 'ALIAS 103', 103, NULL, '00000000A', 'NOMBRE 103', 'PROVINCIA 103', NULL, NULL, NULL, NULL, NULL, NULL),
	('ae712b51-b3b6-4a33-a7d0-890473057ad6', 'DIRECCION 104', 'ALIAS 104', 104, NULL, '00000000A', 'NOMBRE 104', 'PROVINCIA 104', NULL, NULL, NULL, NULL, NULL, NULL),
	('af7ff346-37c2-47d0-91e2-96d8f349b47f', 'DIRECCION 105', 'ALIAS 105', 105, NULL, '00000000A', 'NOMBRE 105', 'PROVINCIA 105', NULL, NULL, NULL, NULL, NULL, NULL),
	('b2cdc918-22bf-4c21-8f79-52d1111c4bc9', 'DIRECCION 106', 'ALIAS 106', 106, NULL, '00000000A', 'NOMBRE 106', 'PROVINCIA 106', NULL, NULL, NULL, NULL, NULL, NULL),
	('b3e9524e-131b-47b1-8a98-0ed21660cecc', 'DIRECCION 107', 'ALIAS 107', 107, NULL, '00000000A', 'NOMBRE 107', 'PROVINCIA 107', NULL, NULL, NULL, NULL, NULL, NULL),
	('b4799fdd-8e1e-4890-91de-fd5de10cd586', 'DIRECCION 108', 'ALIAS 108', 108, NULL, '00000000A', 'NOMBRE 108', 'PROVINCIA 108', NULL, NULL, NULL, NULL, NULL, NULL),
	('b6d59566-5ba7-4554-a7c1-b7254411af0b', 'DIRECCION 109', 'ALIAS 109', 109, NULL, '00000000A', 'NOMBRE 109', 'PROVINCIA 109', NULL, NULL, NULL, NULL, NULL, NULL),
	('b8f347b7-2198-44ef-91d2-3ac1204a22f4', 'DIRECCION 110', 'ALIAS 110', 110, NULL, '00000000A', 'NOMBRE 110', 'PROVINCIA 110', NULL, NULL, NULL, NULL, NULL, NULL),
	('b931597a-553a-436f-a12a-7ab1778a6721', 'DIRECCION 111', 'ALIAS 111', 111, NULL, '00000000A', 'NOMBRE 111', 'PROVINCIA 111', NULL, NULL, NULL, NULL, NULL, NULL),
	('b9831013-669b-43b6-9298-fd6dc218ea3d', 'DIRECCION 112', 'ALIAS 112', 112, NULL, '00000000A', 'NOMBRE 112', 'PROVINCIA 112', NULL, NULL, NULL, NULL, NULL, NULL),
	('b995469a-05b3-4eab-95d9-1be8fcfc77f6', 'DIRECCION 113', 'ALIAS 113', 113, NULL, '00000000A', 'NOMBRE 113', 'PROVINCIA 113', NULL, NULL, NULL, NULL, NULL, NULL),
	('becc5c6b-da9c-4336-af89-2e5fd01da995', 'DIRECCION 114', 'ALIAS 114', 114, NULL, '00000000A', 'NOMBRE 114', 'PROVINCIA 114', NULL, NULL, NULL, NULL, NULL, NULL),
	('c3595f25-bf95-4e0e-aab1-bfa409bccf6a', 'DIRECCION 115', 'ALIAS 115', 115, NULL, '00000000A', 'NOMBRE 115', 'PROVINCIA 115', NULL, NULL, NULL, NULL, NULL, NULL),
	('c4628930-90b8-4d50-8cd9-b741a0d089db', 'DIRECCION 116', 'ALIAS 116', 116, NULL, '00000000A', 'NOMBRE 116', 'PROVINCIA 116', NULL, NULL, NULL, NULL, NULL, NULL),
	('cd04fa36-68ae-4ccc-8121-513bf8aeb977', 'DIRECCION 117', 'ALIAS 117', 117, NULL, '00000000A', 'NOMBRE 117', 'PROVINCIA 117', NULL, NULL, NULL, NULL, NULL, NULL),
	('ce08b474-d62a-4ad2-ac66-194d3e4af6f5', 'DIRECCION 118', 'ALIAS 118', 118, NULL, '00000000A', 'NOMBRE 118', 'PROVINCIA 118', NULL, NULL, NULL, NULL, NULL, NULL),
	('d177138d-4ad4-4ac2-b226-4bab68f93a7f', 'DIRECCION 119', 'ALIAS 119', 119, NULL, '00000000A', 'NOMBRE 119', 'PROVINCIA 119', NULL, NULL, NULL, NULL, NULL, NULL),
	('d1ab3e56-0485-481d-9967-e2b10ce05e36', 'DIRECCION 120', 'ALIAS 120', 120, NULL, '00000000A', 'NOMBRE 120', 'PROVINCIA 120', NULL, NULL, NULL, NULL, NULL, NULL),
	('d414a482-0500-4d3e-9767-42b919867d1f', 'DIRECCION 121', 'ALIAS 121', 121, NULL, '00000000A', 'NOMBRE 121', 'PROVINCIA 121', NULL, NULL, NULL, NULL, NULL, NULL),
	('d66dcffa-a1c6-427c-9cd0-a5ddee2e0d5b', 'DIRECCION 122', 'ALIAS 122', 122, NULL, '00000000A', 'NOMBRE 122', 'PROVINCIA 122', NULL, NULL, NULL, NULL, NULL, NULL),
	('d67ba330-3806-4069-83e3-986409bdb2bc', 'DIRECCION 123', 'ALIAS 123', 123, NULL, '00000000A', 'NOMBRE 123', 'PROVINCIA 123', NULL, NULL, NULL, NULL, NULL, NULL),
	('d75bc5d1-2127-40c8-a7e5-b8ee7633b40a', 'DIRECCION 124', 'ALIAS 124', 124, NULL, '00000000A', 'NOMBRE 124', 'PROVINCIA 124', NULL, NULL, NULL, NULL, NULL, NULL),
	('d7de50f2-d835-4a38-856d-8b3e6a6a78d8', 'DIRECCION 125', 'ALIAS 125', 125, NULL, '00000000A', 'NOMBRE 125', 'PROVINCIA 125', NULL, NULL, NULL, NULL, NULL, NULL),
	('d8a6c703-1d36-4e9d-9763-5a592f28fb72', 'DIRECCION 126', 'ALIAS 126', 126, NULL, '00000000A', 'NOMBRE 126', 'PROVINCIA 126', NULL, NULL, NULL, NULL, NULL, NULL),
	('d913e427-c033-4e7a-bef9-67f5385d3346', 'DIRECCION 127', 'ALIAS 127', 127, NULL, '00000000A', 'NOMBRE 127', 'PROVINCIA 127', NULL, NULL, NULL, NULL, NULL, NULL),
	('da43d024-480e-42ff-8943-c1634b58d060', 'DIRECCION 128', 'ALIAS 128', 128, NULL, '00000000A', 'NOMBRE 128', 'PROVINCIA 128', NULL, NULL, NULL, NULL, NULL, NULL),
	('daf858b2-da33-4fca-a26a-116d44874b1e', 'DIRECCION 129', 'ALIAS 129', 129, NULL, '00000000A', 'NOMBRE 129', 'PROVINCIA 129', NULL, NULL, NULL, NULL, NULL, NULL),
	('dcb56376-81be-4a4b-8423-d10156146b35', 'DIRECCION 130', 'ALIAS 130', 130, NULL, '00000000A', 'NOMBRE 130', 'PROVINCIA 130', NULL, NULL, NULL, NULL, NULL, NULL),
	('dcd5946d-33e8-4626-bcb3-5cf4a8ec473a', 'DIRECCION 131', 'ALIAS 131', 131, NULL, '00000000A', 'NOMBRE 131', 'PROVINCIA 131', NULL, NULL, NULL, NULL, NULL, NULL),
	('dd5a823f-3e3b-44d9-83eb-6e59384df0da', 'DIRECCION 132', 'ALIAS 132', 132, NULL, '00000000A', 'NOMBRE 132', 'PROVINCIA 132', NULL, NULL, NULL, NULL, NULL, NULL),
	('e12efa27-4a3c-4d17-917c-36efd0400699', 'DIRECCION 133', 'ALIAS 133', 133, NULL, '00000000A', 'NOMBRE 133', 'PROVINCIA 133', NULL, NULL, NULL, NULL, NULL, NULL),
	('e21714b9-30c6-4fe8-be10-4266c36bceb0', 'DIRECCION 134', 'ALIAS 134', 134, NULL, '00000000A', 'NOMBRE 134', 'PROVINCIA 134', NULL, NULL, NULL, NULL, NULL, NULL),
	('e2781689-3e83-48e4-89bc-75f4e83df48f', 'DIRECCION 135', 'ALIAS 135', 135, NULL, '00000000A', 'NOMBRE 135', 'PROVINCIA 135', NULL, NULL, NULL, NULL, NULL, NULL),
	('e46a49d2-3faf-4f66-b331-3018b2c7175f', 'DIRECCION 136', 'ALIAS 136', 136, NULL, '00000000A', 'NOMBRE 136', 'PROVINCIA 136', NULL, NULL, NULL, NULL, NULL, NULL),
	('e4e3611f-0ac3-4461-bff8-51b92515704f', 'DIRECCION 137', 'ALIAS 137', 137, NULL, '00000000A', 'NOMBRE 137', 'PROVINCIA 137', NULL, NULL, NULL, NULL, NULL, NULL),
	('e8e5b485-e3aa-4a32-acd6-0501d32a1fe9', 'DIRECCION 138', 'ALIAS 138', 138, NULL, '00000000A', 'NOMBRE 138', 'PROVINCIA 138', NULL, NULL, NULL, NULL, NULL, NULL),
	('eb9c248f-3294-4627-83b1-7cf82525e567', 'DIRECCION 139', 'ALIAS 139', 139, NULL, '00000000A', 'NOMBRE 139', 'PROVINCIA 139', NULL, NULL, NULL, NULL, NULL, NULL),
	('ec485357-0290-4829-9eb7-2c90d64dab05', 'DIRECCION 140', 'ALIAS 140', 140, NULL, '00000000A', 'NOMBRE 140', 'PROVINCIA 140', NULL, NULL, NULL, NULL, NULL, NULL),
	('ecaf65b5-803d-4551-a243-ffc14f5f287f', 'DIRECCION 141', 'ALIAS 141', 141, NULL, '00000000A', 'NOMBRE 141', 'PROVINCIA 141', NULL, NULL, NULL, NULL, NULL, NULL),
	('ee02c38b-5d89-4de9-8282-685d0cbd50fa', 'DIRECCION 142', 'ALIAS 142', 142, NULL, '00000000A', 'NOMBRE 142', 'PROVINCIA 142', NULL, NULL, NULL, NULL, NULL, NULL),
	('f25d58b2-2fe2-45bf-bcb4-269aaa99f4b9', 'DIRECCION 143', 'ALIAS 143', 143, NULL, '00000000A', 'NOMBRE 143', 'PROVINCIA 143', NULL, NULL, NULL, NULL, NULL, NULL),
	('f2c145bd-bf70-4bac-9c46-b188f30e915a', 'DIRECCION 144', 'ALIAS 144', 144, NULL, '00000000A', 'NOMBRE 144', 'PROVINCIA 144', NULL, NULL, NULL, NULL, NULL, NULL),
	('f4f61bdc-d2c5-4b30-9847-244d7c11c21f', 'DIRECCION 145', 'ALIAS 145', 145, NULL, '00000000A', 'NOMBRE 145', 'PROVINCIA 145', NULL, NULL, NULL, NULL, NULL, NULL),
	('f6391925-acc4-4f15-9374-7790be8fa7e6', 'DIRECCION 146', 'ALIAS 146', 146, NULL, '00000000A', 'NOMBRE 146', 'PROVINCIA 146', NULL, NULL, NULL, NULL, NULL, NULL),
	('f7930960-e83c-4a5f-838b-44f557663e87', 'DIRECCION 147', 'ALIAS 147', 147, NULL, '00000000A', 'NOMBRE 147', 'PROVINCIA 147', NULL, NULL, NULL, NULL, NULL, NULL),
	('f7c51473-5f81-4690-9f19-b67bab3edf09', 'DIRECCION 148', 'ALIAS 148', 148, NULL, '00000000A', 'NOMBRE 148', 'PROVINCIA 148', NULL, NULL, NULL, NULL, NULL, NULL),
	('faedca97-2d98-404e-9d8d-1f10198d38d7', 'DIRECCION 149', 'ALIAS 149', 149, NULL, '00000000A', 'NOMBRE 149', 'PROVINCIA 149', NULL, NULL, NULL, NULL, NULL, NULL),
	('fbcb7265-67c3-4f75-95f5-b526498bbd58', 'DIRECCION 150', 'ALIAS 150', 150, NULL, '00000000A', 'NOMBRE 150', 'PROVINCIA 150', NULL, NULL, NULL, NULL, NULL, NULL),
	('fc595358-2924-4de1-9ced-3d22c5829df7', 'DIRECCION 151', 'ALIAS 151', 151, NULL, '00000000A', 'NOMBRE 151', 'PROVINCIA 151', NULL, NULL, NULL, NULL, NULL, NULL),
	('fdeb33e1-23f9-4ed7-af4c-48f08eaf7b17', 'DIRECCION 152', 'ALIAS 152', 152, NULL, '00000000A', 'NOMBRE 152', 'PROVINCIA 152', NULL, NULL, NULL, NULL, NULL, NULL),
	('fef05816-b9b6-473e-be54-06a322fc9055', 'DIRECCION 153', 'ALIAS 153', 153, NULL, '00000000A', 'NOMBRE 153', 'PROVINCIA 153', NULL, NULL, NULL, NULL, NULL, NULL);

INSERT INTO customer_product_price
	(id, offered_price, customer_id, product_id, price_index)
VALUES
	('02ce4546-00ac-40c1-a9d5-c97d89be7ab8', 0.12, 'fc595358-2924-4de1-9ced-3d22c5829df7', '2', 0),
	('03f005df-b460-498b-8d3a-7d4824638d1f', 0.14, 'a3122534-bcc4-45f5-9477-5d8122c86b63', '5', 0),
	('046888a0-96fd-4b50-bc9f-f87c049f7152', 0.13, 'faedca97-2d98-404e-9d8d-1f10198d38d7', '2', 0),
	('04ee0f22-bcae-4017-a0b9-9dba129885e7', 0.14, '71a95985-def8-4d30-8a41-4e59cce1424b', '5', 0),
	('0762e0e4-43d9-4df2-a23f-7b87e6231646', 0.135, '26ddf49c-79cb-4ca5-b58c-7fe7aec1617d', '5', 0),
	('07d435d6-877c-4fec-816e-bdb322c1c6ea', 0.12, '2', '2', 0),
	('07fd0fc5-cecd-4630-bff3-b53ce3a30033', 0.13, '4bfd0073-24f6-447a-98a7-5d35358e195c', '2', 0),
	('09e07ac7-584f-4116-a6a3-0468c3f17ed4', 0.135, '26ddf49c-79cb-4ca5-b58c-7fe7aec1617d', '6', 1),
	('0a4037c5-2fdf-4012-b25a-6583393d6fb2', 0.13, 'cd04fa36-68ae-4ccc-8121-513bf8aeb977', '2', 0),
	('0e9b37c9-070d-405b-a200-2451d21c24fd', 0.14, 'f2c145bd-bf70-4bac-9c46-b188f30e915a', '1', 0),
	('0ecdb911-d5f6-4982-8d53-db985ed583ae', 0.14, '7e8757f6-f660-4a78-a6d0-c4ecbf671d5c', '6', 0),
	('0f3e5709-eb90-487c-b0fb-7b92bb75e58e', 0.13, 'b995469a-05b3-4eab-95d9-1be8fcfc77f6', '2', 0),
	('100ecbc1-44f7-4bc6-b717-8dff33de2925', 0.12, '20f4e51b-0989-4aa6-8bab-267a42cffc91', '2', 0),
	('101f7861-8f37-4642-841b-5708de9f863f', 4.3, '1b004a8c-59a9-41fc-9cac-1683ee9858eb', '7', 0),
	('118cddac-2754-44da-8502-d00037ccf9bd', 0.13, '825d8945-a4f5-42f8-8171-350772b9ab98', '2', 0),
	('12a6a73b-8b8b-4496-958c-43e0f5ccb6f0', 0.135, 'ee02c38b-5d89-4de9-8282-685d0cbd50fa', '5', 0),
	('13773cc6-3e49-4c9a-83e5-7e70b5332645', 0.14, '3097f9fd-e023-4e4f-81ce-46128f299a97', '5', 0),
	('1625c66b-df8b-42d3-9dd4-dfaac10e3cc2', 0.13, '2235a2eb-e622-4b84-8b21-fe85facd5e6d', '2', 0),
	('174d8b42-e3f0-4b84-a525-40dfed166aa3', 0.135, 'fbcb7265-67c3-4f75-95f5-b526498bbd58', '5', 0),
	('1af9db59-58dc-4fa8-ad89-41d703956743', 0.135, 'a8c9b719-f5df-4bf9-b44d-d56f5a048ce9', '6', 0),
	('1d1805ca-c667-4d7d-9a4d-8ead83f32482', 0.14, '2fb7eb55-23fd-4488-b137-c3166c9e6e6a', '5', 0),
	('20ae1b5d-1bbe-4e68-904f-0edebe8427f4', 0.09, 'dcd5946d-33e8-4626-bcb3-5cf4a8ec473a', '4', 0),
	('26891a7d-a694-446b-acc7-41af8dfc1c92', 0.12, '645755b2-daea-45df-be42-49271b919c52', '2', 0),
	('26cac8a2-169f-48cb-af4f-f101b8851b07', 0.14, '13bf065b-b1db-4b62-9692-d9628c938136', '5', 0),
	('26f47957-8a75-4898-98f0-ac7ae6a7cd43', 4, '2b59b68c-2468-4a6a-a237-f4be7350baec', '7', 0),
	('2836d712-4f9c-4e21-b1a3-ea37ab9539d8', 0.13, 'ec485357-0290-4829-9eb7-2c90d64dab05', '2', 0),
	('287a1ca9-5af2-40f8-ab39-2b518f997ea4', 0.13, '949911dc-a488-4260-b4ac-dac3de883c4a', '2', 0),
	('2a119aa1-787d-4efa-b54f-a0cd42e95dd9', 0.13, '09c46f1b-383e-48d7-a2f0-a9562bf0b966', '2', 0),
	('2a8205a1-7107-4fd6-93e0-71a014d90de5', 0.13, '87dc6db6-1831-4a90-b5fc-f80170782e65', '2', 0),
	('2b82722a-49ee-4517-9e20-d08f2849238f', 0.14, 'fdeb33e1-23f9-4ed7-af4c-48f08eaf7b17', '1', 0),
	('2ce5d7a4-2bbc-4353-ad7c-335cf671746b', 0.13, '2ca45eae-e607-428d-bf71-d1820a2bcbfd', '2', 0),
	('2e3b5589-c197-49f1-973b-89acb3cbacf4', 0.14, 'faedca97-2d98-404e-9d8d-1f10198d38d7', '5', 0),
	('2fc5d059-6bc4-41f9-97b9-a5cd4dd0610b', 0.13, 'b4799fdd-8e1e-4890-91de-fd5de10cd586', '2', 0),
	('30e2b423-e655-4619-b926-b8e802e4994d', 0.095, '446cfafd-6b63-4263-92c9-2940ec9fd820', '3', 0),
	('334e69a3-a9eb-4245-8328-fabe7750c084', 0.135, '470a85d1-bcb9-4659-b3bd-83e76628bbfe', '5', 0),
	('33ae6ecd-acff-426c-a3b6-84e61c0e485c', 0.13, '2e63aedb-0988-4069-afcc-f766ab77b7ac', '2', 0),
	('37f7cf45-77fa-438c-a007-4ad60e126859', 0.12, 'e46a49d2-3faf-4f66-b331-3018b2c7175f', '2', 0),
	('384771df-42a7-4cb2-9880-4216d4fe8890', 0.13, '90cbe539-0bd8-4f32-bb7b-a7e1493d43ce', '2', 0),
	('38eec988-0160-43d1-a130-cab0318e496a', 0.13, 'a3122534-bcc4-45f5-9477-5d8122c86b63', '2', 0),
	('397f89fe-7550-4633-9830-f1c763db4474', 0.13, 'b6d59566-5ba7-4554-a7c1-b7254411af0b', '2', 0),
	('3991b283-00bb-4499-b80d-5d4871f66615', 0.14, 'e12efa27-4a3c-4d17-917c-36efd0400699', '5', 0),
	('3ae6803b-c5e0-4ab9-8259-dcd23f8a5a5c', 3.95, '032fbd78-99f5-4f80-a655-dc6d46a2c389', '7', 0),
	('3b037d89-0476-4359-978f-151a3b2c7c7a', 0.14, 'ae712b51-b3b6-4a33-a7d0-890473057ad6', '2', 0),
	('3b9bf4b2-6e4a-4add-8066-74b4bb00c708', 3.65, 'd75bc5d1-2127-40c8-a7e5-b8ee7633b40a', '7', 0),
	('3c1c3d49-a617-476f-9f21-13347be16b56', 0.135, '9af0ccf5-3e8e-447e-87eb-75e8a58210a5', '6', 0),
	('3dc8108e-99d7-4b8a-ae1c-9b8e10676573', 0.135, '9f499ee3-af0d-4023-97c1-4633e3680788', '5', 0),
	('3ec2f3ec-fb76-40e9-8710-c2a34507f4b3', 4.05, 'b9831013-669b-43b6-9298-fd6dc218ea3d', '7', 0),
	('416cbdb3-a78d-4226-8f3d-1c0f9815af24', 0.135, '9af0ccf5-3e8e-447e-87eb-75e8a58210a5', '5', 0),
	('425bdff8-1d5d-4a3e-9028-481f765329e7', 0.13, 'd7de50f2-d835-4a38-856d-8b3e6a6a78d8', '5', 0),
	('42fd450f-c91d-4869-b8f7-b1cb06135d05', 0.13, '67071438-78ea-4de2-96d8-81c2db312873', '2', 0),
	('46060544-7d19-48a3-9bc2-5eca582603b6', 0.12, 'becc5c6b-da9c-4336-af89-2e5fd01da995', '2', 0),
	('481d8dc4-b9dc-48db-8577-545c963ef427', 0.13, 'd913e427-c033-4e7a-bef9-67f5385d3346', '2', 0),
	('48360df2-36f5-4a15-b62b-3225591e4a0a', 0.13, '4d2124ed-c2e5-4de1-8ddf-9ea420e848d5', '2', 0),
	('488df243-086d-4c80-b585-5af0389a0ac4', 0.105, '7da495a9-fed8-4a0e-b964-a3d514a4b810', '3', 0),
	('4ae0cd6d-5447-4474-b84a-2e2a8a708806', 0.14, '3be04135-360a-4523-8be0-fbfc3091b664', '6', 0),
	('4db2fa40-4996-4db3-b977-e57d85a8a3b5', 0.12, 'c4628930-90b8-4d50-8cd9-b741a0d089db', '2', 0),
	('4e5399b6-7194-461e-85a5-60386cb54632', 0.13, 'e46a49d2-3faf-4f66-b331-3018b2c7175f', '5', 0),
	('52bddc09-0349-45d6-a6c0-3a3f315989c7', 0.13, '16b35c63-22ee-4a4a-9771-19d955b36e6b', '5', 0),
	('52f6a618-5bf3-472c-a4fe-0bab5a6f704c', 0.135, '76bd4c96-3658-488f-acfe-654cfa7d4386', '6', 0),
	('55988bff-4e8b-4ad7-918e-bda4be4cafb8', 2.5, 'a83fb74e-c539-4f5a-9cf4-869c876655f6', '7', 0),
	('56503617-a36b-4e53-8f0a-94f301802986', 0.13, 'd8a6c703-1d36-4e9d-9763-5a592f28fb72', '2', 0),
	('56c4aa24-8116-448c-ac81-a94ec6ef4757', 0.12, '55578594-7822-4953-b3d0-0fa2361d09a7', '2', 0),
	('56d251d7-2509-42ba-950d-908d9beaa9e6', 4, '6c7e0ae2-ac28-463c-a4ef-4483ae700bbe', '7', 0),
	('577b3244-e204-4bb3-a077-f90b3abf64d1', 0.13, '5422423f-be38-4428-8678-8290751d8050', '2', 0),
	('581c904d-e65d-4368-98b8-da05b077488d', 0.14, '237a1c1c-d327-4cf9-ae45-747641b13d4f', '5', 0),
	('6541a2b9-8918-4a6d-9604-74542ac54fb9', 0.13, '36647dee-5dc1-436c-8fdc-8f1cbb64e738', '2', 0),
	('657afdc3-7054-40fa-8cb2-5c26b4493e7b', 0.14, 'a3122534-bcc4-45f5-9477-5d8122c86b63', '6', 0),
	('6948082e-3f75-4cf4-b862-d1e314c729d1', 0.12, '122b0850-2e0b-47fa-956c-ee815d031b07', '2', 0),
	('6b079b75-e101-4f63-84ca-7ed3b919f170', 4.3, '2e63aedb-0988-4069-afcc-f766ab77b7ac', '7', 0),
	('6bbdaa92-66a5-496f-b6fd-2c33b2282882', 0.105, 'd67ba330-3806-4069-83e3-986409bdb2bc', '3', 0),
	('6bfa6086-beb0-42b1-9390-9b38b024814d', 0.14, '1b7ddab6-f4ea-44b3-83a3-b28bf21de73d', '5', 0),
	('6d379a97-47b2-40c7-8c4a-6470ec22a0c0', 0.13, '4c9393db-1680-49ec-af31-bcbbe76e25d3', '2', 0),
	('6d5839ae-c5ec-44d3-bc7b-990af911a505', 0.11, '1', '3', 0),
	('6dcbb435-fefa-46f6-ac6b-0d67226e11f3', 0.13, '3adb6160-cfa2-4248-af1b-c9d9b62c45bf', '2', 0),
	('6ebb8664-2c3a-4482-b0e3-da6916ec6041', 0.135, '98ef4950-d66f-4569-96bb-34fd448a5311', '5', 0),
	('7428bc24-33c2-4b5f-8fe6-8938fa3f1958', 0.14, 'e12efa27-4a3c-4d17-917c-36efd0400699', '6', 0),
	('7459560c-cdf9-44ea-a442-1db0733f6d6f', 0.13, 'b2cdc918-22bf-4c21-8f79-52d1111c4bc9', '2', 0),
	('76a1440b-bb3a-46e6-9f6f-70c444b2eb2a', 0.12, '0dedbb12-8dd3-4ef3-93e2-76d8b4ac5418', '2', 0),
	('76b8160a-a545-4543-9d53-88e790e5d37c', 0.11, 'eb9c248f-3294-4627-83b1-7cf82525e567', '3', 0),
	('7749c485-6192-42bb-b58a-ff06dcd5a535', 0.13, '76ef3bff-8687-4266-833f-b83d3e404304', '2', 0),
	('7ae25527-216a-44f0-8425-4f0e6f29ac66', 0.13, 'fef05816-b9b6-473e-be54-06a322fc9055', '2', 0),
	('7b71522f-9308-4ea2-9252-6f2a9eb4f23f', 0.14, '76ef3bff-8687-4266-833f-b83d3e404304', '5', 0),
	('7c195fc8-5974-4416-bee7-61a44b5a4661', 0.12, '920a5efa-8773-478b-b414-e8f91d03da9d', '2', 0),
	('7ce229b7-1bf7-4db6-b148-05d15206484a', 0.135, '9c5894d3-fe8c-44f2-ae40-510fbda9f45e', '5', 0),
	('7ce72525-d089-4eca-9d95-0ebdec4e5366', 0.135, '5ed36912-05f1-42d2-be31-d8f90bef7e97', '6', 0),
	('7f812f65-8671-4ac5-95f3-dabd03475022', 0.12, '1c9bdf76-493b-49c4-ac5b-b71a77d76283', '2', 0),
	('81679295-7ea6-44a3-b358-67147ac84b03', 0.135, '470a85d1-bcb9-4659-b3bd-83e76628bbfe', '6', 0),
	('8320e3cf-08be-480b-b9d0-d93da78e095a', 0.135, '09c46f1b-383e-48d7-a2f0-a9562bf0b966', '5', 0),
	('83fd9b39-3d6f-451c-80a4-e53e6bab2a4a', 0.135, 'd66dcffa-a1c6-427c-9cd0-a5ddee2e0d5b', '6', 0),
	('8458cec9-30e1-412a-b483-a2b4ff99e677', 0.13, '0134dfd1-dbaa-4a45-a4b7-c513a9b6f256', '2', 0),
	('849968d9-6f7a-4f65-bc60-63ca353d654c', 0.13, 'c3595f25-bf95-4e0e-aab1-bfa409bccf6a', '2', 0),
	('867e5378-0570-406d-8b66-1bd952b9c157', 0.13, '6e1434f5-0b32-4556-bb80-b8f18f3434a0', '2', 0),
	('87363c51-49ab-4b11-9ad8-e3831f1b0b65', 0.13, 'a8c9b719-f5df-4bf9-b44d-d56f5a048ce9', '2', 0),
	('87d35809-f8ba-4375-a616-5641def69343', 0.13, '086023be-f262-43c7-907a-6855132f7a85', '5', 0),
	('87d7fe76-d154-4cb3-807b-26e35b6733a5', 0.13, '16b35c63-22ee-4a4a-9771-19d955b36e6b', '2', 0),
	('8818bb4a-de9f-48d6-881f-ef17d9485b50', 0.13, '7ec6449e-f8ea-434c-bcd2-2c83cf48a654', '2', 0),
	('89c25e77-6db7-4ffe-a45c-824b57fd59e3', 0.09, '49d75c22-8ed7-4601-bd94-5022219c8311', '2', 0),
	('90484dae-030a-4058-9619-03df731b37ee', 0.13, '1e0e13c4-9bcd-44e3-b2e5-1ada76684e45', '2', 0),
	('913723d7-7c4b-48c1-a5d8-aafffd0adafe', 0.14, 'a9adf9ee-bc0f-4b75-99b5-61272d6ae944', '5', 0),
	('918c0870-c006-4754-97eb-9463ffaecaa6', 0.13, 'ae4f9af6-d90e-4f5a-a463-a2f56f7a11f1', '2', 0),
	('92330a39-914e-4c48-ae21-33d31e9fa9a1', 0.13, '092e1d32-a32a-40c5-8c6e-d59b2c23fa42', '2', 0),
	('926746bc-a054-4a64-8b0a-51eb3f8321f5', 0.13, 'd1ab3e56-0485-481d-9967-e2b10ce05e36', '2', 0),
	('98789c67-3fd6-4e02-8a26-2669e3f79ae9', 0.13, '98f0ca30-ee75-4551-a461-11869ea426bf', '2', 0),
	('994484c7-87bf-41db-ae2e-969cd01b31f7', 0.12, '02d3e82b-31ce-4f0e-bcab-377ef305a8e8', '2', 0),
	('99910dd9-cd27-43ab-bf09-58a83f223340', 3.95, '33a8d80c-ff2b-4f49-811f-829b47c4168b', '7', 0),
	('9aaebf42-5a0e-46bd-9554-7bbddbc71bd9', 0.12, '07a3d35f-6f5f-4efa-a943-da0a5881da4b', '2', 0),
	('9c96588c-260e-4acf-9b89-103a02a03dde', 0.13, '4da24f63-4cd8-42ed-b329-c7e071733d49', '2', 0),
	('9dc33ed3-bbf2-4dcb-b487-6f91afe6b6e1', 0.13, '3', '5', 0),
	('9f90556b-5157-4423-8c61-c1e059a32490', 0.14, '990b9ae9-a8e7-4144-a375-8e5504b5e295', '6', 0),
	('a0dfa735-9f3d-4117-9759-f3f2c27122a6', 0.13, '50606a53-968a-4c06-bbef-75af414be9e4', '2', 0),
	('a1189357-a622-44d2-8855-3e032935cae8', 0.14, '237a1c1c-d327-4cf9-ae45-747641b13d4f', '6', 0),
	('a2ad5737-8fa8-4503-8073-768ce16a4630', 0.135, '8ea9fab9-ac07-4dd7-8bc3-8b3916a75dc1', '5', 0),
	('a3731986-f2a0-456f-a868-ff133fe614e3', 0.13, 'ecaf65b5-803d-4551-a243-ffc14f5f287f', '2', 0),
	('a5afa33e-9022-46b9-805f-5cdc574ef75e', 0.14, '5b65e6f8-7f9e-44a2-963c-2d9c9796f576', '5', 0),
	('a6575c2d-7ff1-4f36-9eb4-9aff7d4b428f', 0.13, '69124303-5f99-416f-a2bd-96d5528f71f3', '2', 0),
	('a697d7e0-6df6-43a2-bb57-b91e9dab4e39', 0.12, '67ec86d4-99bc-42b4-bc66-f2e78ab9da77', '2', 0),
	('a70b37d8-8b80-44bc-93cc-91eecb77d596', 0.135, 'c3595f25-bf95-4e0e-aab1-bfa409bccf6a', '5', 0),
	('a73ccab3-87c5-4ae6-8a06-919972cb3043', 0.13, '1d698c71-dc1b-4bc2-8da9-8d8449f23696', '2', 0),
	('a9ede9f3-4ba5-4291-b2d7-b312bfa5093b', 0.13, 'af7ff346-37c2-47d0-91e2-96d8f349b47f', '2', 0),
	('aeedac6a-a67d-4afb-aaeb-cc376b96837d', 0.135, '98ef4950-d66f-4569-96bb-34fd448a5311', '6', 0),
	('af3af7d9-6817-4469-8ef8-de5fd2322490', 0.13, 'b3e9524e-131b-47b1-8a98-0ed21660cecc', '2', 0),
	('b4d9e69c-4fd2-4795-81e5-4b59bfe502c6', 0.13, '0613909b-a692-4fae-8da8-b94bb3a2bf90', '5', 0),
	('b7fba1d7-2bbd-4259-9cf4-55b51566e3af', 0.13, '67d52662-40d7-42ee-8184-95410af98dbc', '2', 0),
	('b9c8cd11-3a33-4eca-9bf2-eeb55f1dadb4', 0.12, 'dcb56376-81be-4a4b-8423-d10156146b35', '2', 0),
	('ba9cc114-eb3e-4d2d-b6c8-cf23c6d51673', 0.14, '086023be-f262-43c7-907a-6855132f7a85', 'cbcb9728-762d-4632-9947-dd3e8652779c', 1),
	('bb7aed76-9d02-4083-9a06-c36900d48ebf', 3.65, 'a82dca3e-e46e-482f-820c-e962bb1615a8', '7', 0),
	('bc7f80ef-2c5a-44c7-ab9c-0419e32ebc61', 0.14, 'f6391925-acc4-4f15-9374-7790be8fa7e6', '5', 0),
	('bd6967fb-fc12-49a3-839b-3e1aa41db243', 0.14, '57e434c9-4498-4d78-bad8-f03c4f984cb4', '6', 0),
	('be327c54-a689-481b-af43-33ee36674fea', 0.12, '91bae107-0aab-487f-ac6e-b99bdde8d22c', '2', 0),
	('be37e6a4-d151-4ae7-aafb-2f179342f51a', 0.095, '34d2144b-b1cf-4de0-a459-25aaf8218b9a', '3', 0),
	('be88558b-42b1-491e-975a-3d6dda7b6928', 0.12, '0ccb7709-d111-47f3-8386-a95a39003ee3', '2', 0),
	('bfd87f0d-02e3-438a-a96a-426a1ae90704', 0.09, '5c34f343-8d73-4512-8e89-469e617fa052', '3', 0),
	('c205dece-1387-4177-b0bf-61d73b5b98ad', 0.13, '39f1e5ed-b243-4a62-b834-c9ab827f7e8b', '2', 0),
	('c32c4fd8-e365-41bd-b3b3-188653282be6', 0.14, '13bf065b-b1db-4b62-9692-d9628c938136', '6', 0),
	('c3fe0eb3-936e-4145-b483-d9654de7cce1', 0.135, '65a86d31-8c7a-4939-9b55-1d8f438839b1', '5', 0),
	('c416df83-c568-42fd-b2ce-e37ceee7a133', 0.12, 'daf858b2-da33-4fca-a26a-116d44874b1e', '2', 0),
	('c51cbd63-c0cb-47b5-a046-0f084d00f7c9', 0.13, 'f6391925-acc4-4f15-9374-7790be8fa7e6', '2', 0),
	('c62bf24b-d615-46eb-a027-30c350aba411', 0.135, 'd414a482-0500-4d3e-9767-42b919867d1f', '6', 0),
	('c7001e39-d38b-48a3-a931-dadbab47a5c3', 0.095, 'f4f61bdc-d2c5-4b30-9847-244d7c11c21f', '3', 0),
	('c8767707-5ba0-4391-9d43-8adbc79d9fda', 0.095, 'ce08b474-d62a-4ad2-ac66-194d3e4af6f5', '3', 0),
	('c8795565-25e0-447c-9bee-51fcf9a2911d', 0.14, '22c1100e-3211-4d58-9167-7550025a1485', '5', 0),
	('c8c59c4c-6aac-4f73-8fad-668097029d28', 0.13, 'e4e3611f-0ac3-4461-bff8-51b92515704f', '2', 0),
	('c96b4e8f-da3b-4af8-ba0d-c68789cb8228', 0.13, 'b8f347b7-2198-44ef-91d2-3ac1204a22f4', '2', 0),
	('c98f3636-a5bf-4a42-be37-b1c10b467903', 0.135, '9f499ee3-af0d-4023-97c1-4633e3680788', '6', 0),
	('cb25d5d1-84b5-405c-bb45-e282ff215446', 0.13, '214462be-ac79-4fa6-a5e8-cf619727d86d', '2', 0),
	('cbe9bc44-9660-4fc3-8031-4a14f661ac5f', 0.13, 'f7c51473-5f81-4690-9f19-b67bab3edf09', '2', 0),
	('cdef85eb-719a-4544-8a24-96d187f214ca', 0.13, 'a3991e66-1b1c-4968-9b56-4e85c3673afe', '2', 0),
	('cead55a5-f3ea-4977-a52a-d4b4c90bddd5', 0.135, '5ed36912-05f1-42d2-be31-d8f90bef7e97', '5', 0),
	('cf0f923b-385e-4ee5-8025-fc0db60c4f9d', 0.095, 'f25d58b2-2fe2-45bf-bcb4-269aaa99f4b9', '3', 0),
	('d126254c-caab-4818-bfd9-c34cf546b6ba', 0.12, '91fa730f-0931-4745-99c5-e7a44f048d58', '2', 0),
	('d3400be7-0b8d-49b2-9c74-c4ccb63a261c', 0.12, 'da43d024-480e-42ff-8943-c1634b58d060', '2', 0),
	('d5979848-5108-4dc3-9a7f-c1a47d8b0a02', 0.135, '59fdaa41-22f9-4498-b97f-b68c7b1fb697', '5', 0),
	('d68b73a9-6c17-49d7-9200-6ec47afcf604', 0.14, 'a24cc1fd-cf2a-4e55-8bb9-61f1a68e52db', '5', 0),
	('d6b1c3b3-79b4-4da7-a877-08b84bbb4d88', 0.135, 'fbcb7265-67c3-4f75-95f5-b526498bbd58', '6', 0),
	('d751f6f2-7a45-4946-b74b-54111adfc73c', 0.13, 'e2781689-3e83-48e4-89bc-75f4e83df48f', '2', 0),
	('d9a220c7-7709-4a98-8009-7f4c0032e15e', 0.13, 'e8e5b485-e3aa-4a32-acd6-0501d32a1fe9', '5', 0),
	('dd6b0e2e-0bca-44e2-9a81-736c3afc2001', 0.135, '9c5894d3-fe8c-44f2-ae40-510fbda9f45e', '6', 0),
	('ddb8a38d-3ee0-46ae-afd9-1fb1de5c85ed', 0.095, '909a4e2a-e05b-4c27-84f7-a658def32503', '3', 0),
	('e1dfd62e-0f1a-42e1-afa7-b6177763dad3', 0.14, '514a0bea-684d-458d-9370-f202ea032135', '5', 0),
	('e47e9763-bf94-4ea5-b833-95875702fda7', 0.14, '3', 'cbcb9728-762d-4632-9947-dd3e8652779c', 0),
	('e51a2d67-8f8d-480b-9bf4-2caf112e0bf1', 0.13, '5531f0ed-588c-4964-9e28-08e5e035aa6d', '5', 0),
	('e5a93a39-56ff-4835-aed7-8e557152c022', 0.13, '6896644a-14f3-4279-b30e-5faf29bf57e8', '2', 0),
	('e7ab473a-115a-4228-b974-adce9b6f51e4', 0.13, '860d16ae-3898-4ac0-bb1c-e1547add3fe2', '5', 0),
	('e7f8127f-28bd-464e-9464-4f7c018a4e4e', 0.13, '64e8c8f2-60a0-4c34-95af-fb428649af23', '2', 0),
	('e8deaef2-3848-45b5-a56f-cd1364959f49', 0.105, '3cf1c9db-7807-4b7e-acd9-b07c26f3e29e', '3', 0),
	('e94a67ae-99ea-4887-b724-954263759385', 0.13, '6daa868f-ae4d-4339-9f5b-cfcecad3872c', '2', 0),
	('ec972fb6-e767-4de8-8a74-36174c34d19c', 0.135, 'd66dcffa-a1c6-427c-9cd0-a5ddee2e0d5b', '5', 0),
	('ec9f5179-8d1c-4044-944b-44b1ceabf7ef', 0.13, 'f7930960-e83c-4a5f-838b-44f557663e87', '2', 0),
	('edeff468-4b4e-48d2-ba57-d4f1cfe47bc2', 0.14, '57e434c9-4498-4d78-bad8-f03c4f984cb4', '5', 0),
	('ef88662a-eb4b-4686-8bf7-13fc49731b6d', 0.13, 'dd5a823f-3e3b-44d9-83eb-6e59384df0da', '2', 0),
	('f0958673-3e56-4137-9e27-b90fe8537b16', 0.135, 'd414a482-0500-4d3e-9767-42b919867d1f', '5', 0),
	('f10c1392-4305-456b-88c0-4a02c61f0358', 0.12, 'b931597a-553a-436f-a12a-7ab1778a6721', '2', 0),
	('f11c1c0a-f1e6-442a-9b5a-81245e937b27', 0.135, 'a8c9b719-f5df-4bf9-b44d-d56f5a048ce9', '5', 0),
	('f1998893-066b-4ecd-916f-fffc79039c9b', 0.14, '53746dc8-450e-4d2a-849b-da6156f0cdfa', '5', 0),
	('f5056d3a-12cb-4f54-8150-62829c33d10e', 0.13, '7679ce51-efce-449c-8487-f05f31941d77', '2', 0),
	('f636ae77-71e2-4930-b500-f06519a5fb48', 0.135, '76bd4c96-3658-488f-acfe-654cfa7d4386', '5', 0),
	('f7ba4b41-e8d4-41ef-b4c7-a8caa4b52bd0', 0.13, 'd177138d-4ad4-4ac2-b226-4bab68f93a7f', '2', 0),
	('fb199ce8-5d81-4991-a2ef-bc1f17fe0bdf', 0.13, '4ae7b1f7-31bd-4448-a4a6-0aaf57b145f6', '2', 0),
	('fb7fb711-a758-46c7-9d3d-ebebd18b3799', 0.14, '6daa868f-ae4d-4339-9f5b-cfcecad3872c', '5', 0),
	('fbcb056c-1c6a-4b86-abb1-c264fcdfb1b4', 0.13, 'e21714b9-30c6-4fe8-be10-4266c36bceb0', '2', 0),
	('fde234af-87ee-455c-b6db-3eb4f336b046', 0.13, '41da413e-f273-46ea-ac72-53dfc829f5e0', '2', 0),
	('fe780b3b-f78f-4db9-9306-44b92b0177c9', 0.13, 'a95b3743-e7e7-42f4-b9b6-260d36b91bcb', '2', 0);

INSERT INTO invoice
	(id, issued_timestamp, customer_id)
VALUES
	(1, 1578614400000, 'a82dca3e-e46e-482f-820c-e962bb1615a8'),
	(2, 1578700800000, 'a82dca3e-e46e-482f-820c-e962bb1615a8'),
	(3, 1579478400000, 'd75bc5d1-2127-40c8-a7e5-b8ee7633b40a'),
	(4, 1579478400000, 'b9831013-669b-43b6-9298-fd6dc218ea3d'),
	(5, 1579478400000, 'a82dca3e-e46e-482f-820c-e962bb1615a8'),
	(6, 1579478400000, 'a83fb74e-c539-4f5a-9cf4-869c876655f6'),
	(7, 1579564800000, '33a8d80c-ff2b-4f49-811f-829b47c4168b'),
	(8, 1579910400000, '909a4e2a-e05b-4c27-84f7-a658def32503'),
	(9, 1579910400000, 'f4f61bdc-d2c5-4b30-9847-244d7c11c21f'),
	(10, 1579910400000, '446cfafd-6b63-4263-92c9-2940ec9fd820'),
	(11, 1579910400000, 'f25d58b2-2fe2-45bf-bcb4-269aaa99f4b9'),
	(12, 1579910400000, '34d2144b-b1cf-4de0-a459-25aaf8218b9a'),
	(13, 1579910400000, 'ce08b474-d62a-4ad2-ac66-194d3e4af6f5'),
	(14, 1579824000000, 'd75bc5d1-2127-40c8-a7e5-b8ee7633b40a'),
	(15, 1580428800000, 'f7c51473-5f81-4690-9f19-b67bab3edf09'),
	(16, 1580428800000, 'f6391925-acc4-4f15-9374-7790be8fa7e6'),
	(17, 1580428800000, '02d3e82b-31ce-4f0e-bcab-377ef305a8e8'),
	(18, 1580428800000, '69124303-5f99-416f-a2bd-96d5528f71f3'),
	(19, 1580428800000, '67071438-78ea-4de2-96d8-81c2db312873'),
	(20, 1580428800000, '6896644a-14f3-4279-b30e-5faf29bf57e8'),
	(21, 1580428800000, '909a4e2a-e05b-4c27-84f7-a658def32503'),
	(22, 1580428800000, '7da495a9-fed8-4a0e-b964-a3d514a4b810'),
	(23, 1580428800000, '949911dc-a488-4260-b4ac-dac3de883c4a'),
	(24, 1580428800000, 'f4f61bdc-d2c5-4b30-9847-244d7c11c21f'),
	(25, 1580428800000, '122b0850-2e0b-47fa-956c-ee815d031b07'),
	(26, 1580428800000, '76bd4c96-3658-488f-acfe-654cfa7d4386'),
	(27, 1580428800000, 'b3e9524e-131b-47b1-8a98-0ed21660cecc'),
	(28, 1580428800000, '1c9bdf76-493b-49c4-ac5b-b71a77d76283'),
	(29, 1580428800000, '90cbe539-0bd8-4f32-bb7b-a7e1493d43ce'),
	(30, 1580428800000, '446cfafd-6b63-4263-92c9-2940ec9fd820'),
	(31, 1580428800000, '9af0ccf5-3e8e-447e-87eb-75e8a58210a5'),
	(32, 1580428800000, '920a5efa-8773-478b-b414-e8f91d03da9d'),
	(33, 1580428800000, '98ef4950-d66f-4569-96bb-34fd448a5311'),
	(34, 1580428800000, 'c4628930-90b8-4d50-8cd9-b741a0d089db'),
	(35, 1580428800000, 'f25d58b2-2fe2-45bf-bcb4-269aaa99f4b9'),
	(36, 1580428800000, '34d2144b-b1cf-4de0-a459-25aaf8218b9a'),
	(37, 1580428800000, 'ce08b474-d62a-4ad2-ac66-194d3e4af6f5'),
	(38, 1580428800000, 'b995469a-05b3-4eab-95d9-1be8fcfc77f6'),
	(39, 1580428800000, '20f4e51b-0989-4aa6-8bab-267a42cffc91'),
	(40, 1580428800000, 'fef05816-b9b6-473e-be54-06a322fc9055'),
	(41, 1580428800000, '4d2124ed-c2e5-4de1-8ddf-9ea420e848d5'),
	(42, 1580428800000, '59fdaa41-22f9-4498-b97f-b68c7b1fb697'),
	(43, 1580428800000, '1'),
	(44, 1580428800000, '2'),
	(45, 1580428800000, '3'),
	(46, 1580428800000, '65a86d31-8c7a-4939-9b55-1d8f438839b1'),
	(47, 1580428800000, '8ea9fab9-ac07-4dd7-8bc3-8b3916a75dc1'),
	(48, 1580428800000, 'ae712b51-b3b6-4a33-a7d0-890473057ad6'),
	(49, 1580428800000, '086023be-f262-43c7-907a-6855132f7a85'),
	(50, 1580428800000, 'f7930960-e83c-4a5f-838b-44f557663e87'),
	(51, 1580428800000, 'd67ba330-3806-4069-83e3-986409bdb2bc'),
	(52, 1580428800000, '7e8757f6-f660-4a78-a6d0-c4ecbf671d5c'),
	(53, 1580428800000, '67ec86d4-99bc-42b4-bc66-f2e78ab9da77'),
	(54, 1580428800000, '5b65e6f8-7f9e-44a2-963c-2d9c9796f576'),
	(55, 1580428800000, '3adb6160-cfa2-4248-af1b-c9d9b62c45bf'),
	(56, 1580428800000, 'fbcb7265-67c3-4f75-95f5-b526498bbd58'),
	(57, 1580428800000, '5ed36912-05f1-42d2-be31-d8f90bef7e97'),
	(58, 1580428800000, 'd414a482-0500-4d3e-9767-42b919867d1f'),
	(59, 1580428800000, 'd66dcffa-a1c6-427c-9cd0-a5ddee2e0d5b'),
	(60, 1580428800000, '9f499ee3-af0d-4023-97c1-4633e3680788'),
	(61, 1580428800000, '0dedbb12-8dd3-4ef3-93e2-76d8b4ac5418'),
	(62, 1580428800000, 'a3991e66-1b1c-4968-9b56-4e85c3673afe'),
	(63, 1580428800000, '04d05554-9a4f-4301-9d1c-4447c8b00d56'),
	(64, 1580428800000, 'a24cc1fd-cf2a-4e55-8bb9-61f1a68e52db'),
	(65, 1580428800000, '22c1100e-3211-4d58-9167-7550025a1485'),
	(66, 1580428800000, 'ee02c38b-5d89-4de9-8282-685d0cbd50fa'),
	(67, 1580428800000, 'fdeb33e1-23f9-4ed7-af4c-48f08eaf7b17'),
	(68, 1580428800000, '4bfd0073-24f6-447a-98a7-5d35358e195c'),
	(69, 1580428800000, 'd75bc5d1-2127-40c8-a7e5-b8ee7633b40a'),
	(70, 1580428800000, 'a82dca3e-e46e-482f-820c-e962bb1615a8'),
	(71, 1580428800000, '0134dfd1-dbaa-4a45-a4b7-c513a9b6f256'),
	(72, 1580428800000, '1b004a8c-59a9-41fc-9cac-1683ee9858eb'),
	(73, 1580428800000, 'ae4f9af6-d90e-4f5a-a463-a2f56f7a11f1'),
	(74, 1580428800000, '36647dee-5dc1-436c-8fdc-8f1cbb64e738'),
	(75, 1580428800000, 'cd04fa36-68ae-4ccc-8121-513bf8aeb977'),
	(76, 1580428800000, '860d16ae-3898-4ac0-bb1c-e1547add3fe2'),
	(77, 1580428800000, '514a0bea-684d-458d-9370-f202ea032135'),
	(78, 1580428800000, '645755b2-daea-45df-be42-49271b919c52'),
	(79, 1580428800000, '3be04135-360a-4523-8be0-fbfc3091b664'),
	(80, 1580428800000, '825d8945-a4f5-42f8-8171-350772b9ab98'),
	(81, 1580428800000, '55578594-7822-4953-b3d0-0fa2361d09a7'),
	(82, 1580428800000, 'e4e3611f-0ac3-4461-bff8-51b92515704f'),
	(83, 1580428800000, '4da24f63-4cd8-42ed-b329-c7e071733d49'),
	(84, 1580428800000, '76ef3bff-8687-4266-833f-b83d3e404304'),
	(85, 1580428800000, '16b35c63-22ee-4a4a-9771-19d955b36e6b'),
	(86, 1580428800000, '990b9ae9-a8e7-4144-a375-8e5504b5e295'),
	(87, 1580428800000, '39f1e5ed-b243-4a62-b834-c9ab827f7e8b'),
	(88, 1580428800000, '7679ce51-efce-449c-8487-f05f31941d77'),
	(89, 1580428800000, '6daa868f-ae4d-4339-9f5b-cfcecad3872c'),
	(90, 1580428800000, '2ca45eae-e607-428d-bf71-d1820a2bcbfd'),
	(91, 1580428800000, '237a1c1c-d327-4cf9-ae45-747641b13d4f'),
	(92, 1580428800000, 'd1ab3e56-0485-481d-9967-e2b10ce05e36'),
	(93, 1580428800000, '3097f9fd-e023-4e4f-81ce-46128f299a97'),
	(94, 1580428800000, '214462be-ac79-4fa6-a5e8-cf619727d86d'),
	(95, 1580428800000, '87dc6db6-1831-4a90-b5fc-f80170782e65'),
	(96, 1580428800000, 'fc595358-2924-4de1-9ced-3d22c5829df7'),
	(97, 1580428800000, '07a3d35f-6f5f-4efa-a943-da0a5881da4b'),
	(98, 1580428800000, 'd8a6c703-1d36-4e9d-9763-5a592f28fb72'),
	(99, 1580428800000, 'e8e5b485-e3aa-4a32-acd6-0501d32a1fe9'),
	(100, 1580428800000, '5531f0ed-588c-4964-9e28-08e5e035aa6d'),
	(101, 1580428800000, '50606a53-968a-4c06-bbef-75af414be9e4'),
	(102, 1580428800000, '13bf065b-b1db-4b62-9692-d9628c938136'),
	(103, 1580428800000, 'da43d024-480e-42ff-8943-c1634b58d060'),
	(104, 1580428800000, 'e12efa27-4a3c-4d17-917c-36efd0400699'),
	(105, 1580428800000, 'dd5a823f-3e3b-44d9-83eb-6e59384df0da'),
	(106, 1580428800000, 'a95b3743-e7e7-42f4-b9b6-260d36b91bcb'),
	(107, 1580428800000, 'f2c145bd-bf70-4bac-9c46-b188f30e915a'),
	(108, 1580428800000, 'daf858b2-da33-4fca-a26a-116d44874b1e'),
	(109, 1580428800000, 'becc5c6b-da9c-4336-af89-2e5fd01da995'),
	(110, 1580428800000, '98f0ca30-ee75-4551-a461-11869ea426bf'),
	(111, 1580428800000, 'e2781689-3e83-48e4-89bc-75f4e83df48f'),
	(112, 1580428800000, 'eb9c248f-3294-4627-83b1-7cf82525e567'),
	(113, 1580428800000, '67d52662-40d7-42ee-8184-95410af98dbc'),
	(114, 1580428800000, '6e1434f5-0b32-4556-bb80-b8f18f3434a0'),
	(115, 1580428800000, '0ccb7709-d111-47f3-8386-a95a39003ee3'),
	(116, 1580428800000, 'b931597a-553a-436f-a12a-7ab1778a6721'),
	(117, 1580428800000, '2e63aedb-0988-4069-afcc-f766ab77b7ac'),
	(118, 1580428800000, 'e21714b9-30c6-4fe8-be10-4266c36bceb0'),
	(119, 1580428800000, 'ec485357-0290-4829-9eb7-2c90d64dab05'),
	(120, 1580428800000, '092e1d32-a32a-40c5-8c6e-d59b2c23fa42'),
	(121, 1580428800000, '64e8c8f2-60a0-4c34-95af-fb428649af23'),
	(122, 1580428800000, 'e46a49d2-3faf-4f66-b331-3018b2c7175f'),
	(123, 1580428800000, 'b6d59566-5ba7-4554-a7c1-b7254411af0b'),
	(124, 1580428800000, 'd913e427-c033-4e7a-bef9-67f5385d3346'),
	(125, 1580428800000, '4ae7b1f7-31bd-4448-a4a6-0aaf57b145f6'),
	(126, 1580428800000, 'd7de50f2-d835-4a38-856d-8b3e6a6a78d8'),
	(127, 1580428800000, 'dcb56376-81be-4a4b-8423-d10156146b35'),
	(128, 1580428800000, 'a9adf9ee-bc0f-4b75-99b5-61272d6ae944'),
	(129, 1580428800000, '4c9393db-1680-49ec-af31-bcbbe76e25d3'),
	(130, 1580428800000, 'b4799fdd-8e1e-4890-91de-fd5de10cd586'),
	(131, 1580428800000, '3cf1c9db-7807-4b7e-acd9-b07c26f3e29e'),
	(132, 1580428800000, '57e434c9-4498-4d78-bad8-f03c4f984cb4'),
	(133, 1580428800000, '41da413e-f273-46ea-ac72-53dfc829f5e0'),
	(134, 1580428800000, 'faedca97-2d98-404e-9d8d-1f10198d38d7'),
	(135, 1580428800000, '71a95985-def8-4d30-8a41-4e59cce1424b'),
	(136, 1580428800000, 'ecaf65b5-803d-4551-a243-ffc14f5f287f'),
	(137, 1580428800000, '1b7ddab6-f4ea-44b3-83a3-b28bf21de73d'),
	(138, 1580428800000, '2fb7eb55-23fd-4488-b137-c3166c9e6e6a'),
	(139, 1580688000000, '0dedbb12-8dd3-4ef3-93e2-76d8b4ac5418'),
	(140, 1580774400000, 'a82dca3e-e46e-482f-820c-e962bb1615a8'),
	(141, 1580860800000, 'a82dca3e-e46e-482f-820c-e962bb1615a8'),
	(142, 1581120000000, 'a82dca3e-e46e-482f-820c-e962bb1615a8'),
	(143, 1581984000000, '032fbd78-99f5-4f80-a655-dc6d46a2c389'),
	(144, 1582243200000, '2b59b68c-2468-4a6a-a237-f4be7350baec'),
	(145, 1582588800000, '909a4e2a-e05b-4c27-84f7-a658def32503'),
	(146, 1582588800000, 'f4f61bdc-d2c5-4b30-9847-244d7c11c21f'),
	(147, 1582588800000, '446cfafd-6b63-4263-92c9-2940ec9fd820'),
	(148, 1582588800000, 'f25d58b2-2fe2-45bf-bcb4-269aaa99f4b9'),
	(149, 1582588800000, '34d2144b-b1cf-4de0-a459-25aaf8218b9a'),
	(150, 1582588800000, 'ce08b474-d62a-4ad2-ac66-194d3e4af6f5');

INSERT INTO delivery_note
	(id, aux_delivery_note_nr, issued_timestamp, customer_id, invoice_id)
VALUES
	(202000000, NULL, 1578009600000, 'f7c51473-5f81-4690-9f19-b67bab3edf09', 15),
	(202000001, NULL, 1578355200000, 'f7c51473-5f81-4690-9f19-b67bab3edf09', 15),
	(202000002, NULL, 1578614400000, 'f7c51473-5f81-4690-9f19-b67bab3edf09', 15),
	(202000003, NULL, 1577923200000, 'f6391925-acc4-4f15-9374-7790be8fa7e6', 16),
	(202000004, NULL, 1577923200000, 'f6391925-acc4-4f15-9374-7790be8fa7e6', 16),
	(202000005, NULL, 1578441600000, 'f6391925-acc4-4f15-9374-7790be8fa7e6', 16),
	(202000006, NULL, 1579046400000, 'f6391925-acc4-4f15-9374-7790be8fa7e6', 16),
	(202000007, NULL, 1578009600000, '02d3e82b-31ce-4f0e-bcab-377ef305a8e8', 17),
	(202000008, NULL, 1578355200000, '02d3e82b-31ce-4f0e-bcab-377ef305a8e8', 17),
	(202000009, NULL, 1578614400000, '02d3e82b-31ce-4f0e-bcab-377ef305a8e8', 17),
	(202000010, NULL, 1578873600000, '02d3e82b-31ce-4f0e-bcab-377ef305a8e8', 17),
	(202000011, NULL, 1577923200000, '69124303-5f99-416f-a2bd-96d5528f71f3', 18),
	(202000012, NULL, 1578528000000, '69124303-5f99-416f-a2bd-96d5528f71f3', 18),
	(202000013, '53353', 1579132800000, '98ef4950-d66f-4569-96bb-34fd448a5311', 33),
	(202000014, NULL, 1578009600000, 'c4628930-90b8-4d50-8cd9-b741a0d089db', 34),
	(202000015, NULL, 1579132800000, '69124303-5f99-416f-a2bd-96d5528f71f3', 18),
	(202000016, NULL, 1578355200000, '67071438-78ea-4de2-96d8-81c2db312873', 19),
	(202000017, NULL, 1578873600000, '67071438-78ea-4de2-96d8-81c2db312873', 19),
	(202000018, NULL, 1578009600000, '6896644a-14f3-4279-b30e-5faf29bf57e8', 20),
	(202000019, NULL, 1578355200000, '6896644a-14f3-4279-b30e-5faf29bf57e8', 20),
	(202000020, NULL, 1578614400000, '6896644a-14f3-4279-b30e-5faf29bf57e8', 20),
	(202000021, NULL, 1578614400000, 'c4628930-90b8-4d50-8cd9-b741a0d089db', 34),
	(202000022, NULL, 1578873600000, '6896644a-14f3-4279-b30e-5faf29bf57e8', 20),
	(202000023, NULL, 1579219200000, 'c4628930-90b8-4d50-8cd9-b741a0d089db', 34),
	(202000024, NULL, 1579219200000, '6896644a-14f3-4279-b30e-5faf29bf57e8', 20),
	(202000025, NULL, 1578009600000, '909a4e2a-e05b-4c27-84f7-a658def32503', 8),
	(202000026, NULL, 1578355200000, '909a4e2a-e05b-4c27-84f7-a658def32503', 8),
	(202000027, NULL, 1578614400000, '909a4e2a-e05b-4c27-84f7-a658def32503', 8),
	(202000028, NULL, 1578873600000, '909a4e2a-e05b-4c27-84f7-a658def32503', 8),
	(202000029, NULL, 1579219200000, '909a4e2a-e05b-4c27-84f7-a658def32503', 8),
	(202000030, '200000000023', 1578009600000, '7da495a9-fed8-4a0e-b964-a3d514a4b810', 22),
	(202000031, '200000000042', 1578355200000, '7da495a9-fed8-4a0e-b964-a3d514a4b810', 22),
	(202000032, '200000000105', 1578614400000, '7da495a9-fed8-4a0e-b964-a3d514a4b810', 22),
	(202000033, NULL, 1578355200000, '34d2144b-b1cf-4de0-a459-25aaf8218b9a', 12),
	(202000034, '200000000122', 1578873600000, '7da495a9-fed8-4a0e-b964-a3d514a4b810', 22),
	(202000035, '200000000188', 1579219200000, '7da495a9-fed8-4a0e-b964-a3d514a4b810', 22),
	(202000036, NULL, 1578009600000, '949911dc-a488-4260-b4ac-dac3de883c4a', 23),
	(202000037, NULL, 1578614400000, '949911dc-a488-4260-b4ac-dac3de883c4a', 23),
	(202000038, NULL, 1578355200000, 'f4f61bdc-d2c5-4b30-9847-244d7c11c21f', 9),
	(202000039, NULL, 1578873600000, 'f4f61bdc-d2c5-4b30-9847-244d7c11c21f', 9),
	(202000040, NULL, 1578960000000, '34d2144b-b1cf-4de0-a459-25aaf8218b9a', 12),
	(202000041, NULL, 1577923200000, '122b0850-2e0b-47fa-956c-ee815d031b07', 25),
	(202000042, NULL, 1578355200000, '122b0850-2e0b-47fa-956c-ee815d031b07', 25),
	(202000043, NULL, 1579219200000, '122b0850-2e0b-47fa-956c-ee815d031b07', 25),
	(202000044, '53262', 1578009600000, '76bd4c96-3658-488f-acfe-654cfa7d4386', 26),
	(202000045, '53290', 1578355200000, '76bd4c96-3658-488f-acfe-654cfa7d4386', 26),
	(202000046, '53309', 1578614400000, '76bd4c96-3658-488f-acfe-654cfa7d4386', 26),
	(202000047, NULL, 1578009600000, 'b995469a-05b3-4eab-95d9-1be8fcfc77f6', 38),
	(202000048, '53323', 1578787200000, '76bd4c96-3658-488f-acfe-654cfa7d4386', 26),
	(202000049, NULL, 1578355200000, 'b995469a-05b3-4eab-95d9-1be8fcfc77f6', 38),
	(202000050, '53360', 1579219200000, '76bd4c96-3658-488f-acfe-654cfa7d4386', 26),
	(202000051, NULL, 1578614400000, 'b995469a-05b3-4eab-95d9-1be8fcfc77f6', 38),
	(202000052, NULL, 1579046400000, 'b3e9524e-131b-47b1-8a98-0ed21660cecc', 27),
	(202000053, NULL, 1578009600000, '1c9bdf76-493b-49c4-ac5b-b71a77d76283', 28),
	(202000054, NULL, 1578355200000, '1c9bdf76-493b-49c4-ac5b-b71a77d76283', 28),
	(202000055, NULL, 1578873600000, '1c9bdf76-493b-49c4-ac5b-b71a77d76283', 28),
	(202000056, NULL, 1579219200000, '1c9bdf76-493b-49c4-ac5b-b71a77d76283', 28),
	(202000057, NULL, 1577923200000, '90cbe539-0bd8-4f32-bb7b-a7e1493d43ce', 29),
	(202000058, NULL, 1578528000000, '90cbe539-0bd8-4f32-bb7b-a7e1493d43ce', 29),
	(202000059, NULL, 1579132800000, '90cbe539-0bd8-4f32-bb7b-a7e1493d43ce', 29),
	(202000060, NULL, 1578355200000, '446cfafd-6b63-4263-92c9-2940ec9fd820', 10),
	(202000061, NULL, 1578873600000, '446cfafd-6b63-4263-92c9-2940ec9fd820', 10),
	(202000062, '53065', 1577923200000, '9af0ccf5-3e8e-447e-87eb-75e8a58210a5', 31),
	(202000063, '53291', 1578355200000, '9af0ccf5-3e8e-447e-87eb-75e8a58210a5', 31),
	(202000064, '53304', 1578528000000, '9af0ccf5-3e8e-447e-87eb-75e8a58210a5', 31),
	(202000065, NULL, 1578873600000, 'b995469a-05b3-4eab-95d9-1be8fcfc77f6', 38),
	(202000066, '53335', 1578873600000, '9af0ccf5-3e8e-447e-87eb-75e8a58210a5', 31),
	(202000067, NULL, 1579219200000, 'b995469a-05b3-4eab-95d9-1be8fcfc77f6', 38),
	(202000068, '53356', 1579132800000, '9af0ccf5-3e8e-447e-87eb-75e8a58210a5', 31),
	(202000069, NULL, 1577923200000, '920a5efa-8773-478b-b414-e8f91d03da9d', 32),
	(202000070, NULL, 1578528000000, '920a5efa-8773-478b-b414-e8f91d03da9d', 32),
	(202000071, NULL, 1577923200000, '20f4e51b-0989-4aa6-8bab-267a42cffc91', 39),
	(202000072, NULL, 1579046400000, '920a5efa-8773-478b-b414-e8f91d03da9d', 32),
	(202000073, NULL, 1578355200000, '20f4e51b-0989-4aa6-8bab-267a42cffc91', 39),
	(202000074, NULL, 1579046400000, '920a5efa-8773-478b-b414-e8f91d03da9d', 32),
	(202000075, NULL, 1578873600000, '20f4e51b-0989-4aa6-8bab-267a42cffc91', 39),
	(202000076, '53063', 1577923200000, '98ef4950-d66f-4569-96bb-34fd448a5311', 33),
	(202000077, '53302', 1578528000000, '98ef4950-d66f-4569-96bb-34fd448a5311', 33),
	(202000078, NULL, 1579219200000, 'f7c51473-5f81-4690-9f19-b67bab3edf09', 15),
	(202000079, NULL, 1578009600000, 'fef05816-b9b6-473e-be54-06a322fc9055', 40),
	(202000080, NULL, 1578614400000, 'fef05816-b9b6-473e-be54-06a322fc9055', 40),
	(202000081, NULL, 1579219200000, 'fef05816-b9b6-473e-be54-06a322fc9055', 40),
	(202000082, NULL, 1578009600000, '4d2124ed-c2e5-4de1-8ddf-9ea420e848d5', 41),
	(202000083, NULL, 1578614400000, '4d2124ed-c2e5-4de1-8ddf-9ea420e848d5', 41),
	(202000084, NULL, 1580688000000, '0dedbb12-8dd3-4ef3-93e2-76d8b4ac5418', 139),
	(202000085, NULL, 1579219200000, '4d2124ed-c2e5-4de1-8ddf-9ea420e848d5', 41),
	(202000086, '53292', 1578441600000, '59fdaa41-22f9-4498-b97f-b68c7b1fb697', 42),
	(202000087, NULL, 1577923200000, '3', 45),
	(202000088, '53341', 1578960000000, '59fdaa41-22f9-4498-b97f-b68c7b1fb697', 42),
	(202000089, NULL, 1578528000000, '3', 45),
	(202000090, NULL, 1579132800000, '3', 45),
	(202000091, NULL, 1578009600000, '1', 43),
	(202000092, '53340', 1578960000000, '65a86d31-8c7a-4939-9b55-1d8f438839b1', 46),
	(202000093, NULL, 1578355200000, '1', 43),
	(202000094, '53343', 1578960000000, '8ea9fab9-ac07-4dd7-8bc3-8b3916a75dc1', 47),
	(202000095, NULL, 1578614400000, '1', 43),
	(202000096, NULL, 1577923200000, '086023be-f262-43c7-907a-6855132f7a85', 49),
	(202000097, NULL, 1578873600000, '1', 43),
	(202000098, NULL, 1578441600000, '086023be-f262-43c7-907a-6855132f7a85', 49),
	(202000099, NULL, 1579046400000, '086023be-f262-43c7-907a-6855132f7a85', 49),
	(202000100, NULL, 1579219200000, '1', 43),
	(202000101, NULL, 1579824000000, 'd75bc5d1-2127-40c8-a7e5-b8ee7633b40a', 14),
	(202000102, NULL, 1577923200000, '2', 44),
	(202000103, NULL, 1578441600000, '2', 44),
	(202000104, NULL, 1578873600000, '2', 44),
	(202000105, NULL, 1578009600000, 'f7930960-e83c-4a5f-838b-44f557663e87', 50),
	(202000106, NULL, 1578355200000, 'f7930960-e83c-4a5f-838b-44f557663e87', 50),
	(202000107, NULL, 1578614400000, 'f7930960-e83c-4a5f-838b-44f557663e87', 50),
	(202000108, NULL, 1578873600000, 'f7930960-e83c-4a5f-838b-44f557663e87', 50),
	(202000109, NULL, 1579219200000, 'f7930960-e83c-4a5f-838b-44f557663e87', 50),
	(202000110, NULL, 1578009600000, 'd67ba330-3806-4069-83e3-986409bdb2bc', 51),
	(202000111, NULL, 1578614400000, 'd67ba330-3806-4069-83e3-986409bdb2bc', 51),
	(202000112, NULL, 1578873600000, 'd67ba330-3806-4069-83e3-986409bdb2bc', 51),
	(202000113, NULL, 1579219200000, 'd67ba330-3806-4069-83e3-986409bdb2bc', 51),
	(202000114, NULL, 1578009600000, '7e8757f6-f660-4a78-a6d0-c4ecbf671d5c', 52),
	(202000115, NULL, 1578355200000, '7e8757f6-f660-4a78-a6d0-c4ecbf671d5c', 52),
	(202000116, NULL, 1578873600000, '7e8757f6-f660-4a78-a6d0-c4ecbf671d5c', 52),
	(202000117, NULL, 1579219200000, '7e8757f6-f660-4a78-a6d0-c4ecbf671d5c', 52),
	(202000118, NULL, 1577923200000, '5b65e6f8-7f9e-44a2-963c-2d9c9796f576', 54),
	(202000119, NULL, 1578441600000, '5b65e6f8-7f9e-44a2-963c-2d9c9796f576', 54),
	(202000120, NULL, 1579046400000, '5b65e6f8-7f9e-44a2-963c-2d9c9796f576', 54),
	(202000121, '53067', 1577923200000, 'fbcb7265-67c3-4f75-95f5-b526498bbd58', 56),
	(202000122, '53306', 1578528000000, 'fbcb7265-67c3-4f75-95f5-b526498bbd58', 56),
	(202000123, '53358', 1579132800000, 'fbcb7265-67c3-4f75-95f5-b526498bbd58', 56),
	(202000124, '53272', 1578009600000, '5ed36912-05f1-42d2-be31-d8f90bef7e97', 57),
	(202000125, '53287', 1578355200000, '5ed36912-05f1-42d2-be31-d8f90bef7e97', 57),
	(202000126, '53318', 1578614400000, '5ed36912-05f1-42d2-be31-d8f90bef7e97', 57),
	(202000127, '53332', 1578873600000, '5ed36912-05f1-42d2-be31-d8f90bef7e97', 57),
	(202000128, '53368', 1579219200000, '5ed36912-05f1-42d2-be31-d8f90bef7e97', 57),
	(202000129, '53070', 1578009600000, 'd414a482-0500-4d3e-9767-42b919867d1f', 58),
	(202000130, '53080', 1578355200000, 'd414a482-0500-4d3e-9767-42b919867d1f', 58),
	(202000131, '53086', 1578614400000, 'd414a482-0500-4d3e-9767-42b919867d1f', 58),
	(202000132, '53093', 1578873600000, 'd414a482-0500-4d3e-9767-42b919867d1f', 58),
	(202000133, '53103', 1579219200000, 'd414a482-0500-4d3e-9767-42b919867d1f', 58),
	(202000134, '53293', 1578441600000, 'd66dcffa-a1c6-427c-9cd0-a5ddee2e0d5b', 59),
	(202000135, '53342', 1578960000000, 'd66dcffa-a1c6-427c-9cd0-a5ddee2e0d5b', 59),
	(202000136, '53294', 1578441600000, '9f499ee3-af0d-4023-97c1-4633e3680788', 60),
	(202000137, '53344', 1578960000000, '9f499ee3-af0d-4023-97c1-4633e3680788', 60),
	(202000138, NULL, 1578009600000, '0dedbb12-8dd3-4ef3-93e2-76d8b4ac5418', 61),
	(202000139, NULL, 1578009600000, 'a3991e66-1b1c-4968-9b56-4e85c3673afe', 62),
	(202000140, NULL, 1578355200000, 'a3991e66-1b1c-4968-9b56-4e85c3673afe', 62),
	(202000141, NULL, 1578614400000, 'a3991e66-1b1c-4968-9b56-4e85c3673afe', 62),
	(202000142, NULL, 1578873600000, 'a3991e66-1b1c-4968-9b56-4e85c3673afe', 62),
	(202000143, NULL, 1579219200000, 'a3991e66-1b1c-4968-9b56-4e85c3673afe', 62),
	(202000144, NULL, 1577923200000, 'a24cc1fd-cf2a-4e55-8bb9-61f1a68e52db', 64),
	(202000145, NULL, 1578441600000, 'a24cc1fd-cf2a-4e55-8bb9-61f1a68e52db', 64),
	(202000146, NULL, 1579046400000, 'a24cc1fd-cf2a-4e55-8bb9-61f1a68e52db', 64),
	(202000147, NULL, 1577923200000, '22c1100e-3211-4d58-9167-7550025a1485', 65),
	(202000148, NULL, 1578528000000, '22c1100e-3211-4d58-9167-7550025a1485', 65),
	(202000149, NULL, 1579132800000, '22c1100e-3211-4d58-9167-7550025a1485', 65),
	(202000150, NULL, 1577923200000, 'fdeb33e1-23f9-4ed7-af4c-48f08eaf7b17', 67),
	(202000151, NULL, 1578528000000, 'fdeb33e1-23f9-4ed7-af4c-48f08eaf7b17', 67),
	(202000152, NULL, 1579132800000, 'fdeb33e1-23f9-4ed7-af4c-48f08eaf7b17', 67),
	(202000153, NULL, 1579219200000, 'fdeb33e1-23f9-4ed7-af4c-48f08eaf7b17', 67),
	(202000154, NULL, 1578355200000, 'f25d58b2-2fe2-45bf-bcb4-269aaa99f4b9', 11),
	(202000155, NULL, 1578960000000, 'f25d58b2-2fe2-45bf-bcb4-269aaa99f4b9', 11),
	(202000156, NULL, 1578355200000, 'ce08b474-d62a-4ad2-ac66-194d3e4af6f5', 13),
	(202000157, NULL, 1578960000000, 'ce08b474-d62a-4ad2-ac66-194d3e4af6f5', 13),
	(202000158, NULL, 1578787200000, 'ae712b51-b3b6-4a33-a7d0-890473057ad6', 48),
	(202000159, NULL, 1578355200000, '67ec86d4-99bc-42b4-bc66-f2e78ab9da77', 53),
	(202000160, NULL, 1578873600000, '67ec86d4-99bc-42b4-bc66-f2e78ab9da77', 53),
	(202000161, NULL, 1578355200000, '3adb6160-cfa2-4248-af1b-c9d9b62c45bf', 55),
	(202000162, NULL, 1578873600000, '3adb6160-cfa2-4248-af1b-c9d9b62c45bf', 55),
	(202000163, NULL, 1578873600000, '04d05554-9a4f-4301-9d1c-4447c8b00d56', 63),
	(202000164, NULL, 1578009600000, '4bfd0073-24f6-447a-98a7-5d35358e195c', 68),
	(202000165, NULL, 1578873600000, '4bfd0073-24f6-447a-98a7-5d35358e195c', 68),
	(202000166, NULL, 1577923200000, 'a82dca3e-e46e-482f-820c-e962bb1615a8', 1),
	(202000167, NULL, 1578614400000, 'a82dca3e-e46e-482f-820c-e962bb1615a8', 2),
	(202000168, NULL, 1578700800000, 'd75bc5d1-2127-40c8-a7e5-b8ee7633b40a', 3),
	(202000169, NULL, 1579478400000, 'b9831013-669b-43b6-9298-fd6dc218ea3d', 4),
	(202000170, NULL, 1579132800000, 'a82dca3e-e46e-482f-820c-e962bb1615a8', 5),
	(202000171, NULL, 1577923200000, 'a83fb74e-c539-4f5a-9cf4-869c876655f6', 6),
	(202000172, NULL, 1579478400000, 'f7c51473-5f81-4690-9f19-b67bab3edf09', 15),
	(202000173, NULL, 1579478400000, '02d3e82b-31ce-4f0e-bcab-377ef305a8e8', 17),
	(202000174, NULL, 1579478400000, '67071438-78ea-4de2-96d8-81c2db312873', 19),
	(202000175, NULL, 1579478400000, '6896644a-14f3-4279-b30e-5faf29bf57e8', 20),
	(202000176, NULL, 1579478400000, '909a4e2a-e05b-4c27-84f7-a658def32503', 8),
	(202000177, '200000000273', 1579478400000, '7da495a9-fed8-4a0e-b964-a3d514a4b810', 22),
	(202000178, NULL, 1579478400000, '949911dc-a488-4260-b4ac-dac3de883c4a', 23),
	(202000179, NULL, 1579478400000, 'f4f61bdc-d2c5-4b30-9847-244d7c11c21f', 9),
	(202000180, '53372', 1579478400000, '76bd4c96-3658-488f-acfe-654cfa7d4386', 26),
	(202000181, NULL, 1579478400000, '1c9bdf76-493b-49c4-ac5b-b71a77d76283', 28),
	(202000182, NULL, 1579478400000, '446cfafd-6b63-4263-92c9-2940ec9fd820', 10),
	(202000183, '53387', 1579478400000, '9af0ccf5-3e8e-447e-87eb-75e8a58210a5', 31),
	(202000184, NULL, 1579564800000, 'f25d58b2-2fe2-45bf-bcb4-269aaa99f4b9', 11),
	(202000185, NULL, 1579564800000, '34d2144b-b1cf-4de0-a459-25aaf8218b9a', 12),
	(202000186, NULL, 1579564800000, 'ce08b474-d62a-4ad2-ac66-194d3e4af6f5', 13),
	(202000187, NULL, 1579478400000, 'b995469a-05b3-4eab-95d9-1be8fcfc77f6', 38),
	(202000188, NULL, 1579478400000, '20f4e51b-0989-4aa6-8bab-267a42cffc91', 39),
	(202000189, NULL, 1579478400000, 'fef05816-b9b6-473e-be54-06a322fc9055', 40),
	(202000190, '53392', 1579564800000, '59fdaa41-22f9-4498-b97f-b68c7b1fb697', 42),
	(202000191, NULL, 1579478400000, '1', 43),
	(202000192, '53391', 1579564800000, '65a86d31-8c7a-4939-9b55-1d8f438839b1', 46),
	(202000193, NULL, 1579478400000, 'f7930960-e83c-4a5f-838b-44f557663e87', 50),
	(202000194, NULL, 1579478400000, 'd67ba330-3806-4069-83e3-986409bdb2bc', 51),
	(202000195, NULL, 1579478400000, '7e8757f6-f660-4a78-a6d0-c4ecbf671d5c', 52),
	(202000196, NULL, 1579478400000, '67ec86d4-99bc-42b4-bc66-f2e78ab9da77', 53),
	(202000197, NULL, 1579478400000, '3adb6160-cfa2-4248-af1b-c9d9b62c45bf', 55),
	(202000198, '53384', 1579478400000, '5ed36912-05f1-42d2-be31-d8f90bef7e97', 57),
	(202000199, '53110', 1579478400000, 'd414a482-0500-4d3e-9767-42b919867d1f', 58),
	(202000200, '53394', 1579564800000, 'd66dcffa-a1c6-427c-9cd0-a5ddee2e0d5b', 59),
	(202000201, '53395', 1579564800000, '9f499ee3-af0d-4023-97c1-4633e3680788', 60),
	(202000202, '53525', 1580083200000, '76bd4c96-3658-488f-acfe-654cfa7d4386', 26),
	(202000203, NULL, 1579478400000, 'a3991e66-1b1c-4968-9b56-4e85c3673afe', 62),
	(202000204, '53393', 1579564800000, 'ee02c38b-5d89-4de9-8282-685d0cbd50fa', 66),
	(202000205, NULL, 1579478400000, '4bfd0073-24f6-447a-98a7-5d35358e195c', 68),
	(202000206, NULL, 1579651200000, 'f6391925-acc4-4f15-9374-7790be8fa7e6', 16),
	(202000207, NULL, 1579651200000, '920a5efa-8773-478b-b414-e8f91d03da9d', 32),
	(202000208, NULL, 1579651200000, '920a5efa-8773-478b-b414-e8f91d03da9d', 32),
	(202000209, NULL, 1579651200000, '2', 44),
	(202000210, NULL, 1579737600000, '3', 45),
	(202000211, NULL, 1579651200000, 'ae712b51-b3b6-4a33-a7d0-890473057ad6', 48),
	(202000212, NULL, 1579651200000, 'a24cc1fd-cf2a-4e55-8bb9-61f1a68e52db', 64),
	(202000213, '', 1579824000000, '909a4e2a-e05b-4c27-84f7-a658def32503', 8),
	(202000214, '', 1579824000000, 'f4f61bdc-d2c5-4b30-9847-244d7c11c21f', 9),
	(202000215, '', 1579824000000, 'f7c51473-5f81-4690-9f19-b67bab3edf09', 15),
	(202000216, '', 1580083200000, 'f7c51473-5f81-4690-9f19-b67bab3edf09', 15),
	(202000217, '', 1579824000000, '02d3e82b-31ce-4f0e-bcab-377ef305a8e8', 17),
	(202000218, '', 1579737600000, '69124303-5f99-416f-a2bd-96d5528f71f3', 18),
	(202000219, '', 1579824000000, '6896644a-14f3-4279-b30e-5faf29bf57e8', 20),
	(202000220, '200000000282', 1579824000000, '7da495a9-fed8-4a0e-b964-a3d514a4b810', 22),
	(202000221, '', 1579824000000, '122b0850-2e0b-47fa-956c-ee815d031b07', 25),
	(202000222, '53511', 1579824000000, '76bd4c96-3658-488f-acfe-654cfa7d4386', 26),
	(202000223, '', 1579824000000, '1c9bdf76-493b-49c4-ac5b-b71a77d76283', 28),
	(202000224, '', 1579737600000, '90cbe539-0bd8-4f32-bb7b-a7e1493d43ce', 29),
	(202000225, '53507', 1579737600000, '9af0ccf5-3e8e-447e-87eb-75e8a58210a5', 31),
	(202000226, '', 1580083200000, '02d3e82b-31ce-4f0e-bcab-377ef305a8e8', 17),
	(202000227, '', 1580083200000, '67071438-78ea-4de2-96d8-81c2db312873', 19),
	(202000228, '53505', 1579737600000, '98ef4950-d66f-4569-96bb-34fd448a5311', 33),
	(202000229, '', 1579824000000, 'c4628930-90b8-4d50-8cd9-b741a0d089db', 34),
	(202000230, '', 1579824000000, 'b995469a-05b3-4eab-95d9-1be8fcfc77f6', 38),
	(202000231, '', 1579824000000, 'fef05816-b9b6-473e-be54-06a322fc9055', 40),
	(202000232, '', 1579824000000, '4d2124ed-c2e5-4de1-8ddf-9ea420e848d5', 41),
	(202000233, '', 1579824000000, '1', 43),
	(202000234, '', 1580083200000, '6896644a-14f3-4279-b30e-5faf29bf57e8', 20),
	(202000235, '', 1580083200000, '909a4e2a-e05b-4c27-84f7-a658def32503', 21),
	(202000236, '200000000295', 1580083200000, '7da495a9-fed8-4a0e-b964-a3d514a4b810', 22),
	(202000237, '', 1579651200000, '086023be-f262-43c7-907a-6855132f7a85', 49),
	(202000238, '', 1579824000000, 'd67ba330-3806-4069-83e3-986409bdb2bc', 51),
	(202000239, '', 1579824000000, '7e8757f6-f660-4a78-a6d0-c4ecbf671d5c', 52),
	(202000240, '53509', 1579737600000, 'fbcb7265-67c3-4f75-95f5-b526498bbd58', 56),
	(202000241, '53520', 1579824000000, '5ed36912-05f1-42d2-be31-d8f90bef7e97', 57),
	(202000242, '53119', 1579824000000, 'd414a482-0500-4d3e-9767-42b919867d1f', 58),
	(202000243, '', 1579824000000, 'a3991e66-1b1c-4968-9b56-4e85c3673afe', 62),
	(202000244, '', 1579737600000, '04d05554-9a4f-4301-9d1c-4447c8b00d56', 63),
	(202000245, '', 1580083200000, '949911dc-a488-4260-b4ac-dac3de883c4a', 23),
	(202000246, '', 1579737600000, '22c1100e-3211-4d58-9167-7550025a1485', 65),
	(202000247, '', 1579737600000, 'fdeb33e1-23f9-4ed7-af4c-48f08eaf7b17', 67),
	(202000248, '', 1579824000000, '4bfd0073-24f6-447a-98a7-5d35358e195c', 68),
	(202000249, '', 1579564800000, '33a8d80c-ff2b-4f49-811f-829b47c4168b', 7),
	(202000250, '', 1580169600000, 'f4f61bdc-d2c5-4b30-9847-244d7c11c21f', 24),
	(202000251, '', 1580083200000, '1c9bdf76-493b-49c4-ac5b-b71a77d76283', 28),
	(202000252, '', 1580256000000, 'f6391925-acc4-4f15-9374-7790be8fa7e6', 16),
	(202000253, '', 1580083200000, '446cfafd-6b63-4263-92c9-2940ec9fd820', 30),
	(202000254, '53538', 1580083200000, '9af0ccf5-3e8e-447e-87eb-75e8a58210a5', 31),
	(202000255, '', 1580256000000, '920a5efa-8773-478b-b414-e8f91d03da9d', 32),
	(202000256, '', 1580256000000, '920a5efa-8773-478b-b414-e8f91d03da9d', 32),
	(202000257, '53551', 1580256000000, '98ef4950-d66f-4569-96bb-34fd448a5311', 33),
	(202000258, '', 1580169600000, 'f25d58b2-2fe2-45bf-bcb4-269aaa99f4b9', 35),
	(202000259, '', 1580169600000, '34d2144b-b1cf-4de0-a459-25aaf8218b9a', 36),
	(202000260, '', 1580169600000, 'ce08b474-d62a-4ad2-ac66-194d3e4af6f5', 37),
	(202000261, '', 1580083200000, 'b995469a-05b3-4eab-95d9-1be8fcfc77f6', 38),
	(202000262, '', 1580083200000, '20f4e51b-0989-4aa6-8bab-267a42cffc91', 39),
	(202000263, '53543', 1580169600000, '59fdaa41-22f9-4498-b97f-b68c7b1fb697', 42),
	(202000264, '', 1580083200000, '1', 43),
	(202000265, '', 1580256000000, '2', 44),
	(202000266, '53548', 1580169600000, '65a86d31-8c7a-4939-9b55-1d8f438839b1', 46),
	(202000267, '53546', 1580169600000, '8ea9fab9-ac07-4dd7-8bc3-8b3916a75dc1', 47),
	(202000268, '', 1580256000000, '086023be-f262-43c7-907a-6855132f7a85', 49),
	(202000269, '', 1580083200000, 'f7930960-e83c-4a5f-838b-44f557663e87', 50),
	(202000270, '', 1580083200000, 'd67ba330-3806-4069-83e3-986409bdb2bc', 51),
	(202000271, '', 1580083200000, '67ec86d4-99bc-42b4-bc66-f2e78ab9da77', 53),
	(202000272, '', 1580256000000, '5b65e6f8-7f9e-44a2-963c-2d9c9796f576', 54),
	(202000273, '', 1580083200000, '3adb6160-cfa2-4248-af1b-c9d9b62c45bf', 55),
	(202000274, '53535', 1580083200000, '5ed36912-05f1-42d2-be31-d8f90bef7e97', 57),
	(202000275, '53128', 1580083200000, 'd414a482-0500-4d3e-9767-42b919867d1f', 58),
	(202000276, '53545', 1580169600000, 'd66dcffa-a1c6-427c-9cd0-a5ddee2e0d5b', 59),
	(202000277, '53547', 1580169600000, '9f499ee3-af0d-4023-97c1-4633e3680788', 60),
	(202000278, '', 1580083200000, 'a3991e66-1b1c-4968-9b56-4e85c3673afe', 62),
	(202000279, '', 1580256000000, 'a24cc1fd-cf2a-4e55-8bb9-61f1a68e52db', 64),
	(202000280, '53544', 1580169600000, 'ee02c38b-5d89-4de9-8282-685d0cbd50fa', 66),
	(202000281, '', 1580083200000, 'fdeb33e1-23f9-4ed7-af4c-48f08eaf7b17', 67),
	(202000282, '', 1580428800000, 'f7c51473-5f81-4690-9f19-b67bab3edf09', 15),
	(202000283, '', 1580428800000, '02d3e82b-31ce-4f0e-bcab-377ef305a8e8', 17),
	(202000284, '', 1580342400000, '69124303-5f99-416f-a2bd-96d5528f71f3', 18),
	(202000285, '', 1580428800000, '6896644a-14f3-4279-b30e-5faf29bf57e8', 20),
	(202000286, '', 1580428800000, '909a4e2a-e05b-4c27-84f7-a658def32503', 21),
	(202000287, '200000000362', 1580428800000, '7da495a9-fed8-4a0e-b964-a3d514a4b810', 22),
	(202000288, '', 1580428800000, '122b0850-2e0b-47fa-956c-ee815d031b07', 25),
	(202000289, '53567', 1580428800000, '76bd4c96-3658-488f-acfe-654cfa7d4386', 26),
	(202000290, '', 1580428800000, '1c9bdf76-493b-49c4-ac5b-b71a77d76283', 28),
	(202000291, '', 1580342400000, '90cbe539-0bd8-4f32-bb7b-a7e1493d43ce', 29),
	(202000292, '53562', 1580342400000, '9af0ccf5-3e8e-447e-87eb-75e8a58210a5', 31),
	(202000293, '53559', 1580342400000, '98ef4950-d66f-4569-96bb-34fd448a5311', 33),
	(202000294, '', 1580428800000, 'c4628930-90b8-4d50-8cd9-b741a0d089db', 34),
	(202000295, '', 1580428800000, 'b995469a-05b3-4eab-95d9-1be8fcfc77f6', 38),
	(202000296, '', 1580342400000, '20f4e51b-0989-4aa6-8bab-267a42cffc91', 39),
	(202000297, '', 1580428800000, 'fef05816-b9b6-473e-be54-06a322fc9055', 40),
	(202000298, '', 1580428800000, '4d2124ed-c2e5-4de1-8ddf-9ea420e848d5', 41),
	(202000299, '', 1580428800000, '1', 43),
	(202000300, '', 1580342400000, '3', 45),
	(202000301, '', 1580428800000, 'f7930960-e83c-4a5f-838b-44f557663e87', 50),
	(202000302, '', 1580428800000, 'd67ba330-3806-4069-83e3-986409bdb2bc', 51),
	(202000303, '', 1580428800000, '7e8757f6-f660-4a78-a6d0-c4ecbf671d5c', 52),
	(202000304, '53565', 1580342400000, 'fbcb7265-67c3-4f75-95f5-b526498bbd58', 56),
	(202000305, '53576', 1580428800000, '5ed36912-05f1-42d2-be31-d8f90bef7e97', 57),
	(202000306, '53135', 1580428800000, 'd414a482-0500-4d3e-9767-42b919867d1f', 58),
	(202000307, '', 1580342400000, 'a3991e66-1b1c-4968-9b56-4e85c3673afe', 62),
	(202000308, '', 1580342400000, '22c1100e-3211-4d58-9167-7550025a1485', 65),
	(202000309, '', 1580342400000, 'fdeb33e1-23f9-4ed7-af4c-48f08eaf7b17', 67),
	(202000310, '', 1580428800000, 'fdeb33e1-23f9-4ed7-af4c-48f08eaf7b17', 67),
	(202000311, '', 1580428800000, '4bfd0073-24f6-447a-98a7-5d35358e195c', 68),
	(202000312, '', 1580428800000, 'd75bc5d1-2127-40c8-a7e5-b8ee7633b40a', 69),
	(202000313, '', 1579824000000, 'a82dca3e-e46e-482f-820c-e962bb1615a8', 70),
	(202000314, '', 1580169600000, 'a82dca3e-e46e-482f-820c-e962bb1615a8', 70),
	(202000315, '49516', 1577923200000, '0134dfd1-dbaa-4a45-a4b7-c513a9b6f256', 71),
	(202000316, '49497', 1577923200000, '0134dfd1-dbaa-4a45-a4b7-c513a9b6f256', 71),
	(202000317, '49496', 1577923200000, '0134dfd1-dbaa-4a45-a4b7-c513a9b6f256', 71),
	(202000318, '49551', 1578441600000, '0134dfd1-dbaa-4a45-a4b7-c513a9b6f256', 71),
	(202000319, '49550', 1578441600000, '0134dfd1-dbaa-4a45-a4b7-c513a9b6f256', 71),
	(202000320, '49569', 1578528000000, '0134dfd1-dbaa-4a45-a4b7-c513a9b6f256', 71),
	(202000321, '49611', 1579046400000, '0134dfd1-dbaa-4a45-a4b7-c513a9b6f256', 71),
	(202000322, '49597', 1579046400000, '0134dfd1-dbaa-4a45-a4b7-c513a9b6f256', 71),
	(202000323, '49596', 1579046400000, '0134dfd1-dbaa-4a45-a4b7-c513a9b6f256', 71),
	(202000324, '49763', 1579651200000, '0134dfd1-dbaa-4a45-a4b7-c513a9b6f256', 71),
	(202000325, '49752', 1579651200000, '0134dfd1-dbaa-4a45-a4b7-c513a9b6f256', 71),
	(202000326, '49751', 1579651200000, '0134dfd1-dbaa-4a45-a4b7-c513a9b6f256', 71),
	(202000327, '49819', 1580256000000, '0134dfd1-dbaa-4a45-a4b7-c513a9b6f256', 71),
	(202000328, '49805', 1580256000000, '0134dfd1-dbaa-4a45-a4b7-c513a9b6f256', 71),
	(202000329, '49804', 1580256000000, '0134dfd1-dbaa-4a45-a4b7-c513a9b6f256', 71),
	(202000330, '3168', 1578355200000, '1b004a8c-59a9-41fc-9cac-1683ee9858eb', 72),
	(202000331, '3170', 1578614400000, '1b004a8c-59a9-41fc-9cac-1683ee9858eb', 72),
	(202000332, '3172', 1578960000000, '1b004a8c-59a9-41fc-9cac-1683ee9858eb', 72),
	(202000333, '3175', 1579305600000, '1b004a8c-59a9-41fc-9cac-1683ee9858eb', 72),
	(202000334, '3176', 1579910400000, '1b004a8c-59a9-41fc-9cac-1683ee9858eb', 72),
	(202000335, '3180', 1580169600000, '1b004a8c-59a9-41fc-9cac-1683ee9858eb', 72),
	(202000336, '3183', 1580342400000, '1b004a8c-59a9-41fc-9cac-1683ee9858eb', 72),
	(202000337, '3185', 1580428800000, '1b004a8c-59a9-41fc-9cac-1683ee9858eb', 72),
	(202000338, '49527', 1578009600000, 'ae4f9af6-d90e-4f5a-a463-a2f56f7a11f1', 73),
	(202000339, '49540', 1578355200000, 'ae4f9af6-d90e-4f5a-a463-a2f56f7a11f1', 73),
	(202000340, '49580', 1578614400000, 'ae4f9af6-d90e-4f5a-a463-a2f56f7a11f1', 73),
	(202000341, '49590', 1578873600000, 'ae4f9af6-d90e-4f5a-a463-a2f56f7a11f1', 73),
	(202000342, '49634', 1579219200000, 'ae4f9af6-d90e-4f5a-a463-a2f56f7a11f1', 73),
	(202000343, '49784', 1579824000000, 'ae4f9af6-d90e-4f5a-a463-a2f56f7a11f1', 73),
	(202000344, '49795', 1580083200000, 'ae4f9af6-d90e-4f5a-a463-a2f56f7a11f1', 73),
	(202000345, '49841', 1580428800000, 'ae4f9af6-d90e-4f5a-a463-a2f56f7a11f1', 73),
	(202000346, '49515', 1577923200000, '36647dee-5dc1-436c-8fdc-8f1cbb64e738', 74),
	(202000347, '49561', 1578441600000, '36647dee-5dc1-436c-8fdc-8f1cbb64e738', 74),
	(202000348, '49610', 1579046400000, '36647dee-5dc1-436c-8fdc-8f1cbb64e738', 74),
	(202000349, '49764', 1579651200000, '36647dee-5dc1-436c-8fdc-8f1cbb64e738', 74),
	(202000350, '49817', 1580256000000, '36647dee-5dc1-436c-8fdc-8f1cbb64e738', 74),
	(202000351, '49528', 1578009600000, 'cd04fa36-68ae-4ccc-8121-513bf8aeb977', 75),
	(202000352, '49539', 1578355200000, 'cd04fa36-68ae-4ccc-8121-513bf8aeb977', 75),
	(202000353, '49635', 1579219200000, 'cd04fa36-68ae-4ccc-8121-513bf8aeb977', 75),
	(202000354, '49785', 1579824000000, 'cd04fa36-68ae-4ccc-8121-513bf8aeb977', 75),
	(202000355, '49842', 1580428800000, 'cd04fa36-68ae-4ccc-8121-513bf8aeb977', 75),
	(202000356, '49501', 1577923200000, '860d16ae-3898-4ac0-bb1c-e1547add3fe2', 76),
	(202000357, '49555', 1578441600000, '860d16ae-3898-4ac0-bb1c-e1547add3fe2', 76),
	(202000358, '49600', 1579046400000, '860d16ae-3898-4ac0-bb1c-e1547add3fe2', 76),
	(202000359, '49756', 1579651200000, '860d16ae-3898-4ac0-bb1c-e1547add3fe2', 76),
	(202000360, '49808', 1580256000000, '860d16ae-3898-4ac0-bb1c-e1547add3fe2', 76),
	(202000361, '49502', 1577923200000, '514a0bea-684d-458d-9370-f202ea032135', 77),
	(202000362, '49556', 1578441600000, '514a0bea-684d-458d-9370-f202ea032135', 77),
	(202000363, '49601', 1579046400000, '514a0bea-684d-458d-9370-f202ea032135', 77),
	(202000364, '49809', 1580256000000, '514a0bea-684d-458d-9370-f202ea032135', 77),
	(202000365, '49508', 1577923200000, '645755b2-daea-45df-be42-49271b919c52', 78),
	(202000366, '49562', 1578441600000, '645755b2-daea-45df-be42-49271b919c52', 78),
	(202000367, '49606', 1579046400000, '645755b2-daea-45df-be42-49271b919c52', 78),
	(202000368, '49546', 1578441600000, '3be04135-360a-4523-8be0-fbfc3091b664', 79),
	(202000369, '49645', 1579564800000, '3be04135-360a-4523-8be0-fbfc3091b664', 79),
	(202000370, '49548', 1578441600000, '825d8945-a4f5-42f8-8171-350772b9ab98', 80),
	(202000371, '49593', 1578960000000, '825d8945-a4f5-42f8-8171-350772b9ab98', 80),
	(202000372, '49647', 1579564800000, '825d8945-a4f5-42f8-8171-350772b9ab98', 80),
	(202000373, '49800', 1580169600000, '825d8945-a4f5-42f8-8171-350772b9ab98', 80),
	(202000374, '49525', 1578009600000, '55578594-7822-4953-b3d0-0fa2361d09a7', 81),
	(202000375, '49536', 1578355200000, '55578594-7822-4953-b3d0-0fa2361d09a7', 81),
	(202000376, '49588', 1578873600000, '55578594-7822-4953-b3d0-0fa2361d09a7', 81),
	(202000377, '49632', 1579219200000, '55578594-7822-4953-b3d0-0fa2361d09a7', 81),
	(202000378, '49641', 1579478400000, '55578594-7822-4953-b3d0-0fa2361d09a7', 81),
	(202000379, '49782', 1579824000000, '55578594-7822-4953-b3d0-0fa2361d09a7', 81),
	(202000380, '49792', 1580083200000, '55578594-7822-4953-b3d0-0fa2361d09a7', 81),
	(202000381, '49838', 1580428800000, '55578594-7822-4953-b3d0-0fa2361d09a7', 81),
	(202000382, '49192', 1578009600000, 'e4e3611f-0ac3-4461-bff8-51b92515704f', 82),
	(202000383, '49659', 1579219200000, 'e4e3611f-0ac3-4461-bff8-51b92515704f', 82),
	(202000384, '49667', 1579478400000, 'e4e3611f-0ac3-4461-bff8-51b92515704f', 82),
	(202000385, '49680', 1580083200000, 'e4e3611f-0ac3-4461-bff8-51b92515704f', 82),
	(202000386, '49506', 1577923200000, '4da24f63-4cd8-42ed-b329-c7e071733d49', 83),
	(202000387, '49560', 1578441600000, '4da24f63-4cd8-42ed-b329-c7e071733d49', 83),
	(202000388, '49605', 1579046400000, '4da24f63-4cd8-42ed-b329-c7e071733d49', 83),
	(202000389, '49760', 1579651200000, '4da24f63-4cd8-42ed-b329-c7e071733d49', 83),
	(202000390, '49814', 1580256000000, '4da24f63-4cd8-42ed-b329-c7e071733d49', 83),
	(202000391, '49499', 1577923200000, '76ef3bff-8687-4266-833f-b83d3e404304', 84),
	(202000392, '49563', 1578528000000, '76ef3bff-8687-4266-833f-b83d3e404304', 84),
	(202000393, '49598', 1579046400000, '76ef3bff-8687-4266-833f-b83d3e404304', 84),
	(202000394, '49754', 1579651200000, '76ef3bff-8687-4266-833f-b83d3e404304', 84),
	(202000395, '49807', 1580256000000, '76ef3bff-8687-4266-833f-b83d3e404304', 84),
	(202000396, '49500', 1577923200000, '16b35c63-22ee-4a4a-9771-19d955b36e6b', 85),
	(202000397, '49567', 1578528000000, '16b35c63-22ee-4a4a-9771-19d955b36e6b', 85),
	(202000398, '49599', 1579046400000, '16b35c63-22ee-4a4a-9771-19d955b36e6b', 85),
	(202000399, '49755', 1579651200000, '16b35c63-22ee-4a4a-9771-19d955b36e6b', 85),
	(202000400, '49829', 1580342400000, '16b35c63-22ee-4a4a-9771-19d955b36e6b', 85),
	(202000401, '49537', 1578355200000, '990b9ae9-a8e7-4144-a375-8e5504b5e295', 86),
	(202000402, '49793', 1580083200000, '990b9ae9-a8e7-4144-a375-8e5504b5e295', 86),
	(202000403, '49571', 1578528000000, '39f1e5ed-b243-4a62-b834-c9ab827f7e8b', 87),
	(202000404, '49614', 1579046400000, '39f1e5ed-b243-4a62-b834-c9ab827f7e8b', 87),
	(202000405, '49768', 1579651200000, '39f1e5ed-b243-4a62-b834-c9ab827f7e8b', 87),
	(202000406, '49823', 1580256000000, '39f1e5ed-b243-4a62-b834-c9ab827f7e8b', 87),
	(202000407, '49533', 1578009600000, '7679ce51-efce-449c-8487-f05f31941d77', 88),
	(202000408, '49566', 1578528000000, '7679ce51-efce-449c-8487-f05f31941d77', 88),
	(202000409, '49626', 1579132800000, '7679ce51-efce-449c-8487-f05f31941d77', 88),
	(202000410, '49776', 1579737600000, '7679ce51-efce-449c-8487-f05f31941d77', 88),
	(202000411, '49831', 1580342400000, '7679ce51-efce-449c-8487-f05f31941d77', 88),
	(202000412, '49523', 1578009600000, '6daa868f-ae4d-4339-9f5b-cfcecad3872c', 89),
	(202000413, '49577', 1578614400000, '6daa868f-ae4d-4339-9f5b-cfcecad3872c', 89),
	(202000414, '49630', 1579219200000, '6daa868f-ae4d-4339-9f5b-cfcecad3872c', 89),
	(202000415, '49780', 1579824000000, '6daa868f-ae4d-4339-9f5b-cfcecad3872c', 89),
	(202000416, '49836', 1580428800000, '6daa868f-ae4d-4339-9f5b-cfcecad3872c', 89),
	(202000417, '49524', 1578009600000, '2ca45eae-e607-428d-bf71-d1820a2bcbfd', 90),
	(202000418, '49535', 1578355200000, '2ca45eae-e607-428d-bf71-d1820a2bcbfd', 90),
	(202000419, '49578', 1578614400000, '2ca45eae-e607-428d-bf71-d1820a2bcbfd', 90),
	(202000420, '49587', 1578873600000, '2ca45eae-e607-428d-bf71-d1820a2bcbfd', 90),
	(202000421, '49631', 1579219200000, '2ca45eae-e607-428d-bf71-d1820a2bcbfd', 90),
	(202000422, '49640', 1579478400000, '2ca45eae-e607-428d-bf71-d1820a2bcbfd', 90),
	(202000423, '49781', 1579824000000, '2ca45eae-e607-428d-bf71-d1820a2bcbfd', 90),
	(202000424, '49791', 1580083200000, '2ca45eae-e607-428d-bf71-d1820a2bcbfd', 90),
	(202000425, '49837', 1580428800000, '2ca45eae-e607-428d-bf71-d1820a2bcbfd', 90),
	(202000426, '49513', 1577923200000, '237a1c1c-d327-4cf9-ae45-747641b13d4f', 91),
	(202000427, '49542', 1578355200000, '237a1c1c-d327-4cf9-ae45-747641b13d4f', 91),
	(202000428, '48626', 1578873600000, '237a1c1c-d327-4cf9-ae45-747641b13d4f', 91),
	(202000429, '49617', 1579046400000, '237a1c1c-d327-4cf9-ae45-747641b13d4f', 91),
	(202000430, '49649', 1579564800000, '237a1c1c-d327-4cf9-ae45-747641b13d4f', 91),
	(202000431, '49824', 1579564800000, '237a1c1c-d327-4cf9-ae45-747641b13d4f', 91),
	(202000432, '49529', 1578009600000, 'd1ab3e56-0485-481d-9967-e2b10ce05e36', 92),
	(202000433, '49581', 1578614400000, 'd1ab3e56-0485-481d-9967-e2b10ce05e36', 92),
	(202000434, '49636', 1579219200000, 'd1ab3e56-0485-481d-9967-e2b10ce05e36', 92),
	(202000435, '49786', 1579824000000, 'd1ab3e56-0485-481d-9967-e2b10ce05e36', 92),
	(202000436, '49839', 1580428800000, 'd1ab3e56-0485-481d-9967-e2b10ce05e36', 92),
	(202000437, '49498', 1577923200000, '3097f9fd-e023-4e4f-81ce-46128f299a97', 93),
	(202000438, '49553', 1578441600000, '3097f9fd-e023-4e4f-81ce-46128f299a97', 93),
	(202000439, '49753', 1579651200000, '3097f9fd-e023-4e4f-81ce-46128f299a97', 93),
	(202000440, '49806', 1580256000000, '3097f9fd-e023-4e4f-81ce-46128f299a97', 93),
	(202000441, '49629', 1579219200000, '214462be-ac79-4fa6-a5e8-cf619727d86d', 94),
	(202000442, '49835', 1580428800000, '214462be-ac79-4fa6-a5e8-cf619727d86d', 94),
	(202000443, '49507', 1577923200000, '87dc6db6-1831-4a90-b5fc-f80170782e65', 95),
	(202000444, '49568', 1578528000000, '87dc6db6-1831-4a90-b5fc-f80170782e65', 95),
	(202000445, '49607', 1579046400000, '87dc6db6-1831-4a90-b5fc-f80170782e65', 95),
	(202000446, '49762', 1579651200000, '87dc6db6-1831-4a90-b5fc-f80170782e65', 95),
	(202000447, '49815', 1580256000000, '87dc6db6-1831-4a90-b5fc-f80170782e65', 95),
	(202000448, '49509', 1577923200000, 'fc595358-2924-4de1-9ced-3d22c5829df7', 96),
	(202000449, '49586', 1578614400000, '07a3d35f-6f5f-4efa-a943-da0a5881da4b', 97),
	(202000450, '49595', 1578960000000, '07a3d35f-6f5f-4efa-a943-da0a5881da4b', 97),
	(202000451, '49639', 1579219200000, '07a3d35f-6f5f-4efa-a943-da0a5881da4b', 97),
	(202000452, '49650', 1579564800000, '07a3d35f-6f5f-4efa-a943-da0a5881da4b', 97),
	(202000453, '49790', 1579824000000, '07a3d35f-6f5f-4efa-a943-da0a5881da4b', 97),
	(202000454, '49803', 1580169600000, '07a3d35f-6f5f-4efa-a943-da0a5881da4b', 97),
	(202000455, '49846', 1580428800000, '07a3d35f-6f5f-4efa-a943-da0a5881da4b', 97),
	(202000456, '49530', 1578009600000, 'd8a6c703-1d36-4e9d-9763-5a592f28fb72', 98),
	(202000457, '49582', 1578614400000, 'd8a6c703-1d36-4e9d-9763-5a592f28fb72', 98),
	(202000458, '49637', 1579219200000, 'd8a6c703-1d36-4e9d-9763-5a592f28fb72', 98),
	(202000459, '49787', 1579824000000, 'd8a6c703-1d36-4e9d-9763-5a592f28fb72', 98),
	(202000460, '49843', 1580428800000, 'd8a6c703-1d36-4e9d-9763-5a592f28fb72', 98),
	(202000461, '48625', 1578355200000, 'e8e5b485-e3aa-4a32-acd6-0501d32a1fe9', 99),
	(202000462, '48627', 1579478400000, 'e8e5b485-e3aa-4a32-acd6-0501d32a1fe9', 99),
	(202000463, '49505', 1577923200000, '5531f0ed-588c-4964-9e28-08e5e035aa6d', 100),
	(202000464, '49559', 1578441600000, '5531f0ed-588c-4964-9e28-08e5e035aa6d', 100),
	(202000465, '49604', 1579046400000, '5531f0ed-588c-4964-9e28-08e5e035aa6d', 100),
	(202000466, '49759', 1579651200000, '5531f0ed-588c-4964-9e28-08e5e035aa6d', 100),
	(202000467, '49813', 1580256000000, '5531f0ed-588c-4964-9e28-08e5e035aa6d', 100),
	(202000468, '49200', 1578355200000, '50606a53-968a-4c06-bbef-75af414be9e4', 101),
	(202000469, '49657', 1578873600000, '50606a53-968a-4c06-bbef-75af414be9e4', 101),
	(202000470, '49682', 1580083200000, '50606a53-968a-4c06-bbef-75af414be9e4', 101),
	(202000471, '49818', 1580256000000, '13bf065b-b1db-4b62-9692-d9628c938136', 102),
	(202000472, '49526', 1578009600000, 'da43d024-480e-42ff-8943-c1634b58d060', 103),
	(202000473, '49538', 1578355200000, 'da43d024-480e-42ff-8943-c1634b58d060', 103),
	(202000474, '49579', 1578614400000, 'da43d024-480e-42ff-8943-c1634b58d060', 103),
	(202000475, '49589', 1578873600000, 'da43d024-480e-42ff-8943-c1634b58d060', 103),
	(202000476, '49633', 1579219200000, 'da43d024-480e-42ff-8943-c1634b58d060', 103),
	(202000477, '49642', 1579478400000, 'da43d024-480e-42ff-8943-c1634b58d060', 103),
	(202000478, '49783', 1579824000000, 'da43d024-480e-42ff-8943-c1634b58d060', 103),
	(202000479, '49794', 1580083200000, 'da43d024-480e-42ff-8943-c1634b58d060', 103),
	(202000480, '49840', 1580428800000, 'da43d024-480e-42ff-8943-c1634b58d060', 103),
	(202000481, '49591', 1578960000000, 'e12efa27-4a3c-4d17-917c-36efd0400699', 104),
	(202000482, '49643', 1579564800000, 'e12efa27-4a3c-4d17-917c-36efd0400699', 104),
	(202000483, '49796', 1580169600000, 'e12efa27-4a3c-4d17-917c-36efd0400699', 104),
	(202000484, '49532', 1578009600000, 'dd5a823f-3e3b-44d9-83eb-6e59384df0da', 105),
	(202000485, '49584', 1578614400000, 'dd5a823f-3e3b-44d9-83eb-6e59384df0da', 105),
	(202000486, '49638', 1579219200000, 'dd5a823f-3e3b-44d9-83eb-6e59384df0da', 105),
	(202000487, '49789', 1579824000000, 'dd5a823f-3e3b-44d9-83eb-6e59384df0da', 105),
	(202000488, '49845', 1580428800000, 'dd5a823f-3e3b-44d9-83eb-6e59384df0da', 105),
	(202000489, '49531', 1578009600000, 'a95b3743-e7e7-42f4-b9b6-260d36b91bcb', 106),
	(202000490, '49583', 1578614400000, 'a95b3743-e7e7-42f4-b9b6-260d36b91bcb', 106),
	(202000491, '49788', 1579824000000, 'a95b3743-e7e7-42f4-b9b6-260d36b91bcb', 106),
	(202000492, '49844', 1580428800000, 'a95b3743-e7e7-42f4-b9b6-260d36b91bcb', 106),
	(202000493, '49198', 1578355200000, 'f2c145bd-bf70-4bac-9c46-b188f30e915a', 107),
	(202000494, '49652', 1578873600000, 'f2c145bd-bf70-4bac-9c46-b188f30e915a', 107),
	(202000495, '49658', 1579219200000, 'f2c145bd-bf70-4bac-9c46-b188f30e915a', 107),
	(202000496, '49663', 1579478400000, 'f2c145bd-bf70-4bac-9c46-b188f30e915a', 107),
	(202000497, '49671', 1579824000000, 'f2c145bd-bf70-4bac-9c46-b188f30e915a', 107),
	(202000498, '49676', 1580083200000, 'f2c145bd-bf70-4bac-9c46-b188f30e915a', 107),
	(202000499, '49683', 1580428800000, 'f2c145bd-bf70-4bac-9c46-b188f30e915a', 107),
	(202000500, '49534', 1578009600000, 'daf858b2-da33-4fca-a26a-116d44874b1e', 108),
	(202000501, '49189', 1577923200000, 'becc5c6b-da9c-4336-af89-2e5fd01da995', 109),
	(202000502, '49565', 1578528000000, 'becc5c6b-da9c-4336-af89-2e5fd01da995', 109),
	(202000503, '49651', 1578873600000, 'becc5c6b-da9c-4336-af89-2e5fd01da995', 109),
	(202000504, '49622', 1579132800000, 'becc5c6b-da9c-4336-af89-2e5fd01da995', 109),
	(202000505, '49662', 1579478400000, 'becc5c6b-da9c-4336-af89-2e5fd01da995', 109),
	(202000506, '49773', 1579737600000, 'becc5c6b-da9c-4336-af89-2e5fd01da995', 109),
	(202000507, '49828', 1580342400000, 'becc5c6b-da9c-4336-af89-2e5fd01da995', 109),
	(202000508, '49521', 1577923200000, '98f0ca30-ee75-4551-a461-11869ea426bf', 110),
	(202000509, '49575', 1578528000000, '98f0ca30-ee75-4551-a461-11869ea426bf', 110),
	(202000510, '49618', 1579046400000, '98f0ca30-ee75-4551-a461-11869ea426bf', 110),
	(202000511, '49771', 1579651200000, '98f0ca30-ee75-4551-a461-11869ea426bf', 110),
	(202000512, '49825', 1580256000000, '98f0ca30-ee75-4551-a461-11869ea426bf', 110),
	(202000513, '49519', 1577923200000, 'e2781689-3e83-48e4-89bc-75f4e83df48f', 111),
	(202000514, '49585', 1578614400000, 'e2781689-3e83-48e4-89bc-75f4e83df48f', 111),
	(202000515, '49670', 1579824000000, 'e2781689-3e83-48e4-89bc-75f4e83df48f', 111),
	(202000516, '49822', 1580256000000, 'e2781689-3e83-48e4-89bc-75f4e83df48f', 111),
	(202000517, '49847', 1580428800000, 'eb9c248f-3294-4627-83b1-7cf82525e567', 112),
	(202000518, '49520', 1577923200000, '67d52662-40d7-42ee-8184-95410af98dbc', 113),
	(202000519, '49572', 1578528000000, '67d52662-40d7-42ee-8184-95410af98dbc', 113),
	(202000520, '49615', 1579046400000, '67d52662-40d7-42ee-8184-95410af98dbc', 113),
	(202000521, '49770', 1579651200000, '67d52662-40d7-42ee-8184-95410af98dbc', 113),
	(202000522, '49195', 1578009600000, '6e1434f5-0b32-4556-bb80-b8f18f3434a0', 114),
	(202000523, '49669', 1579478400000, '6e1434f5-0b32-4556-bb80-b8f18f3434a0', 114),
	(202000524, '49684', 1580428800000, '6e1434f5-0b32-4556-bb80-b8f18f3434a0', 114),
	(202000525, '49541', 1578355200000, '0ccb7709-d111-47f3-8386-a95a39003ee3', 115),
	(202000526, '49608', 1579046400000, '0ccb7709-d111-47f3-8386-a95a39003ee3', 115),
	(202000527, '49774', 1579737600000, '0ccb7709-d111-47f3-8386-a95a39003ee3', 115),
	(202000528, '49812', 1580256000000, '0ccb7709-d111-47f3-8386-a95a39003ee3', 115),
	(202000529, '49517', 1577923200000, 'b931597a-553a-436f-a12a-7ab1778a6721', 116),
	(202000530, '49570', 1578528000000, 'b931597a-553a-436f-a12a-7ab1778a6721', 116),
	(202000531, '49612', 1579046400000, 'b931597a-553a-436f-a12a-7ab1778a6721', 116),
	(202000532, '49766', 1579651200000, 'b931597a-553a-436f-a12a-7ab1778a6721', 116),
	(202000533, '49820', 1580256000000, 'b931597a-553a-436f-a12a-7ab1778a6721', 116),
	(202000534, '3160', 1577923200000, '2e63aedb-0988-4069-afcc-f766ab77b7ac', 117),
	(202000535, '3161', 1577923200000, '2e63aedb-0988-4069-afcc-f766ab77b7ac', 117),
	(202000536, '3162', 1577923200000, '2e63aedb-0988-4069-afcc-f766ab77b7ac', 117),
	(202000537, '3163', 1577923200000, '2e63aedb-0988-4069-afcc-f766ab77b7ac', 117),
	(202000538, '3159', 1577923200000, '2e63aedb-0988-4069-afcc-f766ab77b7ac', 117),
	(202000539, '3164', 1578009600000, '2e63aedb-0988-4069-afcc-f766ab77b7ac', 117),
	(202000540, '3165', 1578009600000, '2e63aedb-0988-4069-afcc-f766ab77b7ac', 117),
	(202000541, '3166', 1578096000000, '2e63aedb-0988-4069-afcc-f766ab77b7ac', 117),
	(202000542, '3167', 1578355200000, '2e63aedb-0988-4069-afcc-f766ab77b7ac', 117),
	(202000543, '3169', 1578441600000, '2e63aedb-0988-4069-afcc-f766ab77b7ac', 117),
	(202000544, '3171', 1578700800000, '2e63aedb-0988-4069-afcc-f766ab77b7ac', 117),
	(202000545, '3173', 1578960000000, '2e63aedb-0988-4069-afcc-f766ab77b7ac', 117),
	(202000546, '3174', 1579219200000, '2e63aedb-0988-4069-afcc-f766ab77b7ac', 117),
	(202000547, '3177', 1579910400000, '2e63aedb-0988-4069-afcc-f766ab77b7ac', 117),
	(202000548, '3178', 1579910400000, '2e63aedb-0988-4069-afcc-f766ab77b7ac', 117),
	(202000549, '3179', 1580083200000, '2e63aedb-0988-4069-afcc-f766ab77b7ac', 117),
	(202000550, '3181', 1580169600000, '2e63aedb-0988-4069-afcc-f766ab77b7ac', 117),
	(202000551, '3182', 1580256000000, '2e63aedb-0988-4069-afcc-f766ab77b7ac', 117),
	(202000552, '3184', 1580342400000, '2e63aedb-0988-4069-afcc-f766ab77b7ac', 117),
	(202000553, '3186', 1580428800000, '2e63aedb-0988-4069-afcc-f766ab77b7ac', 117),
	(202000554, '49193', 1578009600000, 'e21714b9-30c6-4fe8-be10-4266c36bceb0', 118),
	(202000555, '49196', 1578355200000, 'e21714b9-30c6-4fe8-be10-4266c36bceb0', 118),
	(202000556, '49654', 1578873600000, 'e21714b9-30c6-4fe8-be10-4266c36bceb0', 118),
	(202000557, '49660', 1579219200000, 'e21714b9-30c6-4fe8-be10-4266c36bceb0', 118),
	(202000558, '49668', 1579478400000, 'e21714b9-30c6-4fe8-be10-4266c36bceb0', 118),
	(202000559, '49675', 1579824000000, 'e21714b9-30c6-4fe8-be10-4266c36bceb0', 118),
	(202000560, '49681', 1580083200000, 'e21714b9-30c6-4fe8-be10-4266c36bceb0', 118),
	(202000561, '49686', 1580428800000, 'e21714b9-30c6-4fe8-be10-4266c36bceb0', 118),
	(202000562, '49191', 1578009600000, 'ec485357-0290-4829-9eb7-2c90d64dab05', 119),
	(202000563, '49197', 1578355200000, 'ec485357-0290-4829-9eb7-2c90d64dab05', 119),
	(202000564, '49656', 1578873600000, 'ec485357-0290-4829-9eb7-2c90d64dab05', 119),
	(202000565, '49655', 1578873600000, 'ec485357-0290-4829-9eb7-2c90d64dab05', 119),
	(202000566, '49661', 1579219200000, 'ec485357-0290-4829-9eb7-2c90d64dab05', 119),
	(202000567, '49666', 1579478400000, 'ec485357-0290-4829-9eb7-2c90d64dab05', 119),
	(202000568, '49674', 1579824000000, 'ec485357-0290-4829-9eb7-2c90d64dab05', 119),
	(202000569, '49679', 1580083200000, 'ec485357-0290-4829-9eb7-2c90d64dab05', 119),
	(202000570, '49685', 1580428800000, 'ec485357-0290-4829-9eb7-2c90d64dab05', 119),
	(202000571, '49512', 1577923200000, '092e1d32-a32a-40c5-8c6e-d59b2c23fa42', 120),
	(202000572, '49552', 1578441600000, '092e1d32-a32a-40c5-8c6e-d59b2c23fa42', 120),
	(202000573, '49609', 1579046400000, '092e1d32-a32a-40c5-8c6e-d59b2c23fa42', 120),
	(202000574, '49765', 1579651200000, '092e1d32-a32a-40c5-8c6e-d59b2c23fa42', 120),
	(202000575, '49514', 1577923200000, '64e8c8f2-60a0-4c34-95af-fb428649af23', 121),
	(202000576, '49573', 1578528000000, '64e8c8f2-60a0-4c34-95af-fb428649af23', 121),
	(202000577, '49620', 1579132800000, '64e8c8f2-60a0-4c34-95af-fb428649af23', 121),
	(202000578, '49777', 1579737600000, '64e8c8f2-60a0-4c34-95af-fb428649af23', 121),
	(202000579, '49826', 1580342400000, '64e8c8f2-60a0-4c34-95af-fb428649af23', 121),
	(202000580, '49199', 1578355200000, 'e46a49d2-3faf-4f66-b331-3018b2c7175f', 122),
	(202000581, '49653', 1578873600000, 'e46a49d2-3faf-4f66-b331-3018b2c7175f', 122),
	(202000582, '49664', 1579478400000, 'e46a49d2-3faf-4f66-b331-3018b2c7175f', 122),
	(202000583, '49677', 1580083200000, 'e46a49d2-3faf-4f66-b331-3018b2c7175f', 122),
	(202000584, '49190', 1578009600000, 'b6d59566-5ba7-4554-a7c1-b7254411af0b', 123),
	(202000585, '49665', 1579478400000, 'b6d59566-5ba7-4554-a7c1-b7254411af0b', 123),
	(202000586, '49672', 1579824000000, 'b6d59566-5ba7-4554-a7c1-b7254411af0b', 123),
	(202000587, '49678', 1580083200000, 'b6d59566-5ba7-4554-a7c1-b7254411af0b', 123),
	(202000588, '49503', 1577923200000, 'd913e427-c033-4e7a-bef9-67f5385d3346', 124),
	(202000589, '49557', 1578441600000, 'd913e427-c033-4e7a-bef9-67f5385d3346', 124),
	(202000590, '49603', 1579046400000, 'd913e427-c033-4e7a-bef9-67f5385d3346', 124),
	(202000591, '49757', 1579651200000, 'd913e427-c033-4e7a-bef9-67f5385d3346', 124),
	(202000592, '49810', 1580256000000, 'd913e427-c033-4e7a-bef9-67f5385d3346', 124),
	(202000593, '49194', 1578009600000, '4ae7b1f7-31bd-4448-a4a6-0aaf57b145f6', 125),
	(202000594, '49673', 1579824000000, '4ae7b1f7-31bd-4448-a4a6-0aaf57b145f6', 125),
	(202000595, '49504', 1577923200000, 'd7de50f2-d835-4a38-856d-8b3e6a6a78d8', 126),
	(202000596, '49558', 1578441600000, 'd7de50f2-d835-4a38-856d-8b3e6a6a78d8', 126),
	(202000597, '49545', 1578441600000, 'd7de50f2-d835-4a38-856d-8b3e6a6a78d8', 126),
	(202000598, '49592', 1578960000000, 'd7de50f2-d835-4a38-856d-8b3e6a6a78d8', 126),
	(202000599, '49602', 1579046400000, 'd7de50f2-d835-4a38-856d-8b3e6a6a78d8', 126),
	(202000600, '49644', 1579564800000, 'd7de50f2-d835-4a38-856d-8b3e6a6a78d8', 126),
	(202000601, '49758', 1579651200000, 'd7de50f2-d835-4a38-856d-8b3e6a6a78d8', 126),
	(202000602, '49798', 1580169600000, 'd7de50f2-d835-4a38-856d-8b3e6a6a78d8', 126),
	(202000603, '49811', 1580256000000, 'd7de50f2-d835-4a38-856d-8b3e6a6a78d8', 126),
	(202000604, '49564', 1578528000000, 'dcb56376-81be-4a4b-8423-d10156146b35', 127),
	(202000605, '49621', 1579132800000, 'dcb56376-81be-4a4b-8423-d10156146b35', 127),
	(202000606, '49772', 1579737600000, 'dcb56376-81be-4a4b-8423-d10156146b35', 127),
	(202000607, '49827', 1580342400000, 'dcb56376-81be-4a4b-8423-d10156146b35', 127),
	(202000608, '49511', 1577923200000, 'a9adf9ee-bc0f-4b75-99b5-61272d6ae944', 128),
	(202000609, '49623', 1579132800000, 'a9adf9ee-bc0f-4b75-99b5-61272d6ae944', 128),
	(202000610, '49775', 1579737600000, 'a9adf9ee-bc0f-4b75-99b5-61272d6ae944', 128),
	(202000611, '49830', 1580342400000, 'a9adf9ee-bc0f-4b75-99b5-61272d6ae944', 128),
	(202000612, '49616', 1579046400000, '4c9393db-1680-49ec-af31-bcbbe76e25d3', 129),
	(202000613, '49833', 1580342400000, '4c9393db-1680-49ec-af31-bcbbe76e25d3', 129),
	(202000614, '49625', 1579132800000, 'b4799fdd-8e1e-4890-91de-fd5de10cd586', 130),
	(202000615, '49802', 1580169600000, 'b4799fdd-8e1e-4890-91de-fd5de10cd586', 130),
	(202000616, '49510', 1577923200000, '3cf1c9db-7807-4b7e-acd9-b07c26f3e29e', 131),
	(202000617, '49554', 1578441600000, '3cf1c9db-7807-4b7e-acd9-b07c26f3e29e', 131),
	(202000618, '49627', 1579132800000, '3cf1c9db-7807-4b7e-acd9-b07c26f3e29e', 131),
	(202000619, '49761', 1579651200000, '3cf1c9db-7807-4b7e-acd9-b07c26f3e29e', 131),
	(202000620, '49816', 1580256000000, '3cf1c9db-7807-4b7e-acd9-b07c26f3e29e', 131),
	(202000621, '49518', 1577923200000, '57e434c9-4498-4d78-bad8-f03c4f984cb4', 132),
	(202000622, '49613', 1579046400000, '57e434c9-4498-4d78-bad8-f03c4f984cb4', 132),
	(202000623, '49769', 1579651200000, '57e434c9-4498-4d78-bad8-f03c4f984cb4', 132),
	(202000624, '49821', 1580256000000, '57e434c9-4498-4d78-bad8-f03c4f984cb4', 132),
	(202000625, '49549', 1578441600000, '41da413e-f273-46ea-ac72-53dfc829f5e0', 133),
	(202000626, '49594', 1578960000000, '41da413e-f273-46ea-ac72-53dfc829f5e0', 133),
	(202000627, '49648', 1579564800000, '41da413e-f273-46ea-ac72-53dfc829f5e0', 133),
	(202000628, '49801', 1580169600000, '41da413e-f273-46ea-ac72-53dfc829f5e0', 133),
	(202000629, '49522', 1578009600000, 'faedca97-2d98-404e-9d8d-1f10198d38d7', 134),
	(202000630, '49576', 1578614400000, 'faedca97-2d98-404e-9d8d-1f10198d38d7', 134),
	(202000631, '49628', 1579219200000, 'faedca97-2d98-404e-9d8d-1f10198d38d7', 134),
	(202000632, '49779', 1579824000000, 'faedca97-2d98-404e-9d8d-1f10198d38d7', 134),
	(202000633, '49834', 1580428800000, 'faedca97-2d98-404e-9d8d-1f10198d38d7', 134),
	(202000634, '49574', 1578528000000, '71a95985-def8-4d30-8a41-4e59cce1424b', 135),
	(202000635, '49624', 1579132800000, '71a95985-def8-4d30-8a41-4e59cce1424b', 135),
	(202000636, '49778', 1579737600000, '71a95985-def8-4d30-8a41-4e59cce1424b', 135),
	(202000637, '49832', 1580342400000, '71a95985-def8-4d30-8a41-4e59cce1424b', 135),
	(202000638, '49544', 1578441600000, 'ecaf65b5-803d-4551-a243-ffc14f5f287f', 136),
	(202000639, '49799', 1580169600000, 'ecaf65b5-803d-4551-a243-ffc14f5f287f', 136),
	(202000640, '49547', 1578441600000, '1b7ddab6-f4ea-44b3-83a3-b28bf21de73d', 137),
	(202000641, '49646', 1579564800000, '1b7ddab6-f4ea-44b3-83a3-b28bf21de73d', 137),
	(202000642, '48628', 1579737600000, '2fb7eb55-23fd-4488-b137-c3166c9e6e6a', 138),
	(202000643, '49797', 1580169600000, '2fb7eb55-23fd-4488-b137-c3166c9e6e6a', 138),
	(202000644, '49543', 1578441600000, 'e12efa27-4a3c-4d17-917c-36efd0400699', 104),
	(202000645, '', 1580688000000, 'f7c51473-5f81-4690-9f19-b67bab3edf09', NULL),
	(202000646, '', 1580688000000, '02d3e82b-31ce-4f0e-bcab-377ef305a8e8', NULL),
	(202000647, '', 1580688000000, '67071438-78ea-4de2-96d8-81c2db312873', NULL),
	(202000648, '', 1580688000000, '6896644a-14f3-4279-b30e-5faf29bf57e8', NULL),
	(202000649, '', 1580688000000, '909a4e2a-e05b-4c27-84f7-a658def32503', NULL),
	(202000650, '200000000380', 1580688000000, '7da495a9-fed8-4a0e-b964-a3d514a4b810', NULL),
	(202000651, '', 1580688000000, '949911dc-a488-4260-b4ac-dac3de883c4a', NULL),
	(202000652, '', 1580688000000, 'f4f61bdc-d2c5-4b30-9847-244d7c11c21f', NULL),
	(202000653, '53580', 1580688000000, '76bd4c96-3658-488f-acfe-654cfa7d4386', NULL),
	(202000654, '', 1580688000000, 'b3e9524e-131b-47b1-8a98-0ed21660cecc', NULL),
	(202000655, '', 1580688000000, '1c9bdf76-493b-49c4-ac5b-b71a77d76283', NULL),
	(202000656, '', 1580688000000, '446cfafd-6b63-4263-92c9-2940ec9fd820', NULL),
	(202000657, '53595', 1580688000000, '9af0ccf5-3e8e-447e-87eb-75e8a58210a5', NULL),
	(202000658, '', 1580774400000, 'f25d58b2-2fe2-45bf-bcb4-269aaa99f4b9', NULL),
	(202000659, '', 1580774400000, '34d2144b-b1cf-4de0-a459-25aaf8218b9a', NULL),
	(202000660, '', 1580774400000, 'ce08b474-d62a-4ad2-ac66-194d3e4af6f5', NULL),
	(202000661, '', 1580688000000, 'b995469a-05b3-4eab-95d9-1be8fcfc77f6', NULL),
	(202000662, '', 1580688000000, '20f4e51b-0989-4aa6-8bab-267a42cffc91', NULL),
	(202000663, '', 1580688000000, 'fef05816-b9b6-473e-be54-06a322fc9055', NULL),
	(202000664, '53401', 1580774400000, '59fdaa41-22f9-4498-b97f-b68c7b1fb697', NULL),
	(202000665, '', 1580688000000, '1', NULL),
	(202000666, '53600', 1580774400000, '65a86d31-8c7a-4939-9b55-1d8f438839b1', NULL),
	(202000667, '53404', 1580774400000, '8ea9fab9-ac07-4dd7-8bc3-8b3916a75dc1', NULL),
	(202000668, '', 1580688000000, 'f7930960-e83c-4a5f-838b-44f557663e87', NULL),
	(202000669, '', 1580688000000, 'd67ba330-3806-4069-83e3-986409bdb2bc', NULL),
	(202000670, '', 1580688000000, '7e8757f6-f660-4a78-a6d0-c4ecbf671d5c', NULL),
	(202000671, '', 1580688000000, '67ec86d4-99bc-42b4-bc66-f2e78ab9da77', NULL),
	(202000672, '', 1580688000000, '3adb6160-cfa2-4248-af1b-c9d9b62c45bf', NULL),
	(202000673, '53594', 1580688000000, '5ed36912-05f1-42d2-be31-d8f90bef7e97', NULL),
	(202000674, '53143', 1580688000000, 'd414a482-0500-4d3e-9767-42b919867d1f', NULL),
	(202000675, '43403', 1580774400000, 'd66dcffa-a1c6-427c-9cd0-a5ddee2e0d5b', NULL),
	(202000676, '53405', 1580774400000, '9f499ee3-af0d-4023-97c1-4633e3680788', NULL),
	(202000677, '', 1580688000000, 'a3991e66-1b1c-4968-9b56-4e85c3673afe', NULL),
	(202000678, '53402', 1580774400000, 'ee02c38b-5d89-4de9-8282-685d0cbd50fa', NULL),
	(202000679, '49848', 1580688000000, '2ca45eae-e607-428d-bf71-d1820a2bcbfd', NULL),
	(202000680, '49849', 1580688000000, '91bae107-0aab-487f-ac6e-b99bdde8d22c', NULL),
	(202000681, '49850', 1580688000000, 'ae4f9af6-d90e-4f5a-a463-a2f56f7a11f1', NULL),
	(202000682, '49851', 1580688000000, 'da43d024-480e-42ff-8943-c1634b58d060', NULL),
	(202000683, '49852', 1580688000000, '645755b2-daea-45df-be42-49271b919c52', NULL),
	(202000684, '48629', 1580688000000, 'e8e5b485-e3aa-4a32-acd6-0501d32a1fe9', NULL),
	(202000685, '49687', 1580688000000, 'becc5c6b-da9c-4336-af89-2e5fd01da995', NULL),
	(202000686, '49688', 1580688000000, 'f2c145bd-bf70-4bac-9c46-b188f30e915a', NULL),
	(202000687, '49689', 1580688000000, 'e46a49d2-3faf-4f66-b331-3018b2c7175f', NULL),
	(202000688, '49690', 1580688000000, 'b6d59566-5ba7-4554-a7c1-b7254411af0b', NULL),
	(202000689, '49691', 1580688000000, 'e4e3611f-0ac3-4461-bff8-51b92515704f', NULL),
	(202000690, '49692', 1580688000000, 'e21714b9-30c6-4fe8-be10-4266c36bceb0', NULL),
	(202000691, '49693', 1580688000000, '6e1434f5-0b32-4556-bb80-b8f18f3434a0', NULL),
	(202000692, '49694', 1580688000000, '50606a53-968a-4c06-bbef-75af414be9e4', NULL),
	(202000693, '49853', 1580774400000, '825d8945-a4f5-42f8-8171-350772b9ab98', NULL),
	(202000694, '49854', 1580774400000, '64e8c8f2-60a0-4c34-95af-fb428649af23', NULL),
	(202000695, '49855', 1580774400000, 'b4799fdd-8e1e-4890-91de-fd5de10cd586', NULL),
	(202000696, '49856', 1580774400000, '07a3d35f-6f5f-4efa-a943-da0a5881da4b', NULL),
	(202000697, '49857', 1580774400000, 'daf858b2-da33-4fca-a26a-116d44874b1e', NULL),
	(202000698, '49695', 1580774400000, '3be04135-360a-4523-8be0-fbfc3091b664', NULL),
	(202000699, '49696', 1580774400000, '1b7ddab6-f4ea-44b3-83a3-b28bf21de73d', NULL),
	(202000700, '49697', 1580774400000, 'e12efa27-4a3c-4d17-917c-36efd0400699', NULL),
	(202000701, '49698', 1580774400000, 'd7de50f2-d835-4a38-856d-8b3e6a6a78d8', NULL),
	(202000702, '', 1580688000000, 'a82dca3e-e46e-482f-820c-e962bb1615a8', 140),
	(202000703, '', 1580774400000, 'a82dca3e-e46e-482f-820c-e962bb1615a8', 140),
	(202000704, '', 1580860800000, 'a82dca3e-e46e-482f-820c-e962bb1615a8', 141),
	(202000705, '', 1580860800000, 'f6391925-acc4-4f15-9374-7790be8fa7e6', NULL),
	(202000706, '', 1580860800000, '920a5efa-8773-478b-b414-e8f91d03da9d', NULL),
	(202000707, '', 1580860800000, '920a5efa-8773-478b-b414-e8f91d03da9d', NULL),
	(202000708, '', 1580860800000, '2', NULL),
	(202000709, '', 1580860800000, '086023be-f262-43c7-907a-6855132f7a85', NULL),
	(202000710, '', 1580860800000, 'a24cc1fd-cf2a-4e55-8bb9-61f1a68e52db', NULL),
	(202000711, '', 1580860800000, '5b65e6f8-7f9e-44a2-963c-2d9c9796f576', NULL),
	(202000712, '49858', 1580860800000, '0134dfd1-dbaa-4a45-a4b7-c513a9b6f256', NULL),
	(202000713, '49859', 1580860800000, '0134dfd1-dbaa-4a45-a4b7-c513a9b6f256', NULL),
	(202000714, '49860', 1580860800000, '3097f9fd-e023-4e4f-81ce-46128f299a97', NULL),
	(202000715, '49861', 1580860800000, '76ef3bff-8687-4266-833f-b83d3e404304', NULL),
	(202000716, '49862', 1580860800000, '0134dfd1-dbaa-4a45-a4b7-c513a9b6f256', NULL),
	(202000717, '49863', 1580860800000, '16b35c63-22ee-4a4a-9771-19d955b36e6b', NULL),
	(202000718, '49864', 1580860800000, '514a0bea-684d-458d-9370-f202ea032135', NULL),
	(202000719, '49866', 1580860800000, 'd913e427-c033-4e7a-bef9-67f5385d3346', NULL),
	(202000720, '49867', 1580860800000, 'd7de50f2-d835-4a38-856d-8b3e6a6a78d8', NULL),
	(202000721, '49868', 1580860800000, '860d16ae-3898-4ac0-bb1c-e1547add3fe2', NULL),
	(202000722, '49869', 1580860800000, '5531f0ed-588c-4964-9e28-08e5e035aa6d', NULL),
	(202000723, '49870', 1580860800000, '4da24f63-4cd8-42ed-b329-c7e071733d49', NULL),
	(202000724, '49871', 1580860800000, '87dc6db6-1831-4a90-b5fc-f80170782e65', NULL),
	(202000725, '49872', 1580860800000, '3cf1c9db-7807-4b7e-acd9-b07c26f3e29e', NULL),
	(202000726, '49873', 1580860800000, '237a1c1c-d327-4cf9-ae45-747641b13d4f', NULL),
	(202000727, '49874', 1580860800000, '092e1d32-a32a-40c5-8c6e-d59b2c23fa42', NULL),
	(202000728, '49875', 1580860800000, 'a9adf9ee-bc0f-4b75-99b5-61272d6ae944', NULL),
	(202000729, '49876', 1580860800000, 'fc595358-2924-4de1-9ced-3d22c5829df7', NULL),
	(202000730, '49877', 1580860800000, '36647dee-5dc1-436c-8fdc-8f1cbb64e738', NULL),
	(202000731, '49878', 1580860800000, '0134dfd1-dbaa-4a45-a4b7-c513a9b6f256', NULL),
	(202000732, '49879', 1580860800000, 'b931597a-553a-436f-a12a-7ab1778a6721', NULL),
	(202000733, '49880', 1580860800000, '67d52662-40d7-42ee-8184-95410af98dbc', NULL),
	(202000734, '49881', 1580860800000, '39f1e5ed-b243-4a62-b834-c9ab827f7e8b', NULL),
	(202000735, '49882', 1580860800000, '98f0ca30-ee75-4551-a461-11869ea426bf', NULL),
	(202000736, '', 1581033600000, '02d3e82b-31ce-4f0e-bcab-377ef305a8e8', NULL),
	(202000737, '', 1580947200000, '69124303-5f99-416f-a2bd-96d5528f71f3', NULL),
	(202000738, '', 1581033600000, '6896644a-14f3-4279-b30e-5faf29bf57e8', NULL),
	(202000739, '', 1581033600000, '909a4e2a-e05b-4c27-84f7-a658def32503', 145),
	(202000740, '200000000452', 1581033600000, '7da495a9-fed8-4a0e-b964-a3d514a4b810', NULL),
	(202000741, '53608', 1581033600000, '76bd4c96-3658-488f-acfe-654cfa7d4386', NULL),
	(202000742, '', 1581033600000, '1c9bdf76-493b-49c4-ac5b-b71a77d76283', NULL),
	(202000743, '', 1580947200000, '90cbe539-0bd8-4f32-bb7b-a7e1493d43ce', NULL),
	(202000744, '53410', 1580947200000, '9af0ccf5-3e8e-447e-87eb-75e8a58210a5', NULL),
	(202000745, '53408', 1580947200000, '98ef4950-d66f-4569-96bb-34fd448a5311', NULL),
	(202000746, '', 1581033600000, 'c4628930-90b8-4d50-8cd9-b741a0d089db', NULL),
	(202000747, '', 1581033600000, 'b995469a-05b3-4eab-95d9-1be8fcfc77f6', NULL),
	(202000748, '', 1581033600000, '4d2124ed-c2e5-4de1-8ddf-9ea420e848d5', NULL),
	(202000749, '', 1581033600000, '1', NULL),
	(202000750, '', 1580947200000, '3', NULL),
	(202000751, '', 1581033600000, 'f7930960-e83c-4a5f-838b-44f557663e87', NULL),
	(202000752, '', 1581033600000, 'd67ba330-3806-4069-83e3-986409bdb2bc', NULL),
	(202000753, '', 1581033600000, '7e8757f6-f660-4a78-a6d0-c4ecbf671d5c', NULL),
	(202000754, '53615', 1581033600000, '5ed36912-05f1-42d2-be31-d8f90bef7e97', NULL),
	(202000755, '53414', 1581033600000, 'd414a482-0500-4d3e-9767-42b919867d1f', NULL),
	(202000756, '', 1581033600000, 'a3991e66-1b1c-4968-9b56-4e85c3673afe', NULL),
	(202000757, '', 1580947200000, '22c1100e-3211-4d58-9167-7550025a1485', NULL),
	(202000758, '', 1580860800000, 'fdeb33e1-23f9-4ed7-af4c-48f08eaf7b17', NULL),
	(202000759, '', 1581033600000, '4bfd0073-24f6-447a-98a7-5d35358e195c', NULL),
	(202000760, '49699', 1580947200000, 'dcb56376-81be-4a4b-8423-d10156146b35', NULL),
	(202000761, '49700', 1580947200000, 'becc5c6b-da9c-4336-af89-2e5fd01da995', NULL),
	(202000762, '49701', 1580947200000, '0613909b-a692-4fae-8da8-b94bb3a2bf90', NULL),
	(202000763, '49702', 1580947200000, '7679ce51-efce-449c-8487-f05f31941d77', NULL),
	(202000764, '49883', 1581033600000, 'faedca97-2d98-404e-9d8d-1f10198d38d7', NULL),
	(202000765, '49884', 1581033600000, '6daa868f-ae4d-4339-9f5b-cfcecad3872c', NULL),
	(202000766, '49885', 1581033600000, '2ca45eae-e607-428d-bf71-d1820a2bcbfd', NULL),
	(202000767, '49886', 1581033600000, '91bae107-0aab-487f-ac6e-b99bdde8d22c', NULL),
	(202000768, '49887', 1581033600000, '990b9ae9-a8e7-4144-a375-8e5504b5e295', NULL),
	(202000769, '49888', 1581033600000, 'da43d024-480e-42ff-8943-c1634b58d060', NULL),
	(202000770, '49889', 1581033600000, 'ae4f9af6-d90e-4f5a-a463-a2f56f7a11f1', NULL),
	(202000771, '49890', 1581033600000, 'cd04fa36-68ae-4ccc-8121-513bf8aeb977', NULL),
	(202000772, '49891', 1581033600000, 'd1ab3e56-0485-481d-9967-e2b10ce05e36', NULL),
	(202000773, '49892', 1581033600000, 'd8a6c703-1d36-4e9d-9763-5a592f28fb72', NULL),
	(202000774, '49893', 1581033600000, 'a95b3743-e7e7-42f4-b9b6-260d36b91bcb', NULL),
	(202000775, '49894', 1581033600000, 'a95b3743-e7e7-42f4-b9b6-260d36b91bcb', NULL),
	(202000776, '49703', 1581033600000, 'e2781689-3e83-48e4-89bc-75f4e83df48f', NULL),
	(202000777, '49704', 1581033600000, 'f2c145bd-bf70-4bac-9c46-b188f30e915a', NULL),
	(202000778, '49705', 1581033600000, 'b6d59566-5ba7-4554-a7c1-b7254411af0b', NULL),
	(202000779, '49706', 1581033600000, 'e21714b9-30c6-4fe8-be10-4266c36bceb0', NULL),
	(202000780, '49707', 1581033600000, 'e4e3611f-0ac3-4461-bff8-51b92515704f', NULL),
	(202000781, '49708', 1581033600000, '07a3d35f-6f5f-4efa-a943-da0a5881da4b', NULL),
	(202000782, '', 1581120000000, 'a82dca3e-e46e-482f-820c-e962bb1615a8', 142),
	(202000783, '', 1581292800000, 'f7c51473-5f81-4690-9f19-b67bab3edf09', NULL),
	(202000784, '', 1581292800000, '02d3e82b-31ce-4f0e-bcab-377ef305a8e8', NULL),
	(202000785, '', 1581292800000, '67071438-78ea-4de2-96d8-81c2db312873', NULL),
	(202000786, '', 1581292800000, '6896644a-14f3-4279-b30e-5faf29bf57e8', NULL),
	(202000787, '', 1581292800000, '909a4e2a-e05b-4c27-84f7-a658def32503', 145),
	(202000788, '200000000472', 1581292800000, '7da495a9-fed8-4a0e-b964-a3d514a4b810', NULL),
	(202000789, '', 1581292800000, '949911dc-a488-4260-b4ac-dac3de883c4a', NULL),
	(202000790, '', 1581292800000, 'f4f61bdc-d2c5-4b30-9847-244d7c11c21f', 146),
	(202000791, '', 1581379200000, 'f4f61bdc-d2c5-4b30-9847-244d7c11c21f', 146),
	(202000792, '', 1581292800000, '122b0850-2e0b-47fa-956c-ee815d031b07', NULL),
	(202000793, '', 1581292800000, '1c9bdf76-493b-49c4-ac5b-b71a77d76283', NULL),
	(202000794, '', 1581292800000, '446cfafd-6b63-4263-92c9-2940ec9fd820', 147),
	(202000795, '53634', 1581292800000, '9af0ccf5-3e8e-447e-87eb-75e8a58210a5', NULL),
	(202000796, '', 1581379200000, 'f25d58b2-2fe2-45bf-bcb4-269aaa99f4b9', 148),
	(202000797, '', 1581379200000, '34d2144b-b1cf-4de0-a459-25aaf8218b9a', 149),
	(202000798, '', 1581379200000, 'ce08b474-d62a-4ad2-ac66-194d3e4af6f5', 150),
	(202000799, '', 1581292800000, 'b995469a-05b3-4eab-95d9-1be8fcfc77f6', NULL),
	(202000800, '', 1581292800000, '20f4e51b-0989-4aa6-8bab-267a42cffc91', NULL),
	(202000801, '', 1581292800000, 'fef05816-b9b6-473e-be54-06a322fc9055', NULL),
	(202000802, '53640', 1581379200000, '59fdaa41-22f9-4498-b97f-b68c7b1fb697', NULL),
	(202000803, '', 1581292800000, '1', NULL),
	(202000804, '53644', 1581379200000, '65a86d31-8c7a-4939-9b55-1d8f438839b1', NULL),
	(202000805, '', 1581292800000, 'ae712b51-b3b6-4a33-a7d0-890473057ad6', NULL),
	(202000806, '', 1581292800000, 'f7930960-e83c-4a5f-838b-44f557663e87', NULL),
	(202000807, '', 1581292800000, 'd67ba330-3806-4069-83e3-986409bdb2bc', NULL),
	(202000808, '', 1581292800000, '7e8757f6-f660-4a78-a6d0-c4ecbf671d5c', NULL),
	(202000809, '', 1581292800000, '67ec86d4-99bc-42b4-bc66-f2e78ab9da77', NULL),
	(202000810, '', 1581292800000, '3adb6160-cfa2-4248-af1b-c9d9b62c45bf', NULL),
	(202000811, '53630', 1581292800000, '5ed36912-05f1-42d2-be31-d8f90bef7e97', NULL),
	(202000812, '53423', 1581292800000, 'd414a482-0500-4d3e-9767-42b919867d1f', NULL),
	(202000813, '53642', 1581379200000, 'd66dcffa-a1c6-427c-9cd0-a5ddee2e0d5b', NULL),
	(202000814, '53643', 1581379200000, '9f499ee3-af0d-4023-97c1-4633e3680788', NULL),
	(202000815, '', 1581292800000, 'a3991e66-1b1c-4968-9b56-4e85c3673afe', NULL),
	(202000816, '53641', 1581379200000, 'ee02c38b-5d89-4de9-8282-685d0cbd50fa', NULL),
	(202000817, '', 1581292800000, 'fdeb33e1-23f9-4ed7-af4c-48f08eaf7b17', NULL),
	(202000818, '49895', 1581292800000, '2ca45eae-e607-428d-bf71-d1820a2bcbfd', NULL),
	(202000819, '49896', 1581292800000, '91bae107-0aab-487f-ac6e-b99bdde8d22c', NULL),
	(202000820, '49897', 1581292800000, '0134dfd1-dbaa-4a45-a4b7-c513a9b6f256', NULL),
	(202000821, '49898', 1581292800000, 'da43d024-480e-42ff-8943-c1634b58d060', NULL),
	(202000822, '49899', 1581292800000, 'ae4f9af6-d90e-4f5a-a463-a2f56f7a11f1', NULL),
	(202000823, '49900', 1581292800000, '0134dfd1-dbaa-4a45-a4b7-c513a9b6f256', NULL),
	(202000824, '49709', 1581292800000, 'becc5c6b-da9c-4336-af89-2e5fd01da995', NULL),
	(202000825, '49710', 1581292800000, 'f2c145bd-bf70-4bac-9c46-b188f30e915a', NULL),
	(202000826, '49711', 1581292800000, 'b6d59566-5ba7-4554-a7c1-b7254411af0b', NULL),
	(202000827, '49712', 1581292800000, 'e46a49d2-3faf-4f66-b331-3018b2c7175f', NULL),
	(202000828, '49713', 1581292800000, 'e4e3611f-0ac3-4461-bff8-51b92515704f', NULL),
	(202000829, '49714', 1581292800000, 'e21714b9-30c6-4fe8-be10-4266c36bceb0', NULL),
	(202000830, '49715', 1581292800000, 'ec485357-0290-4829-9eb7-2c90d64dab05', NULL),
	(202000831, '49716', 1581292800000, '50606a53-968a-4c06-bbef-75af414be9e4', NULL),
	(202000832, '50001', 1581379200000, 'd7de50f2-d835-4a38-856d-8b3e6a6a78d8', NULL),
	(202000833, '50002', 1581379200000, 'e12efa27-4a3c-4d17-917c-36efd0400699', NULL),
	(202000834, '50003', 1581379200000, '2fb7eb55-23fd-4488-b137-c3166c9e6e6a', NULL),
	(202000835, '50004', 1581379200000, '07a3d35f-6f5f-4efa-a943-da0a5881da4b', NULL),
	(202000836, '', 1581638400000, 'f7c51473-5f81-4690-9f19-b67bab3edf09', NULL),
	(202000837, '', 1581465600000, 'f6391925-acc4-4f15-9374-7790be8fa7e6', NULL),
	(202000838, '', 1581638400000, '02d3e82b-31ce-4f0e-bcab-377ef305a8e8', NULL),
	(202000839, '', 1581552000000, '69124303-5f99-416f-a2bd-96d5528f71f3', NULL),
	(202000840, '', 1581638400000, '6896644a-14f3-4279-b30e-5faf29bf57e8', NULL),
	(202000841, '', 1581638400000, '909a4e2a-e05b-4c27-84f7-a658def32503', 145),
	(202000842, '200000000540', 1581638400000, '7da495a9-fed8-4a0e-b964-a3d514a4b810', NULL),
	(202000843, '53809', 1581638400000, '76bd4c96-3658-488f-acfe-654cfa7d4386', NULL),
	(202000844, '', 1581638400000, '1c9bdf76-493b-49c4-ac5b-b71a77d76283', NULL),
	(202000845, '', 1581552000000, '90cbe539-0bd8-4f32-bb7b-a7e1493d43ce', NULL),
	(202000846, '53805', 1581552000000, '9af0ccf5-3e8e-447e-87eb-75e8a58210a5', NULL),
	(202000847, '', 1581465600000, '920a5efa-8773-478b-b414-e8f91d03da9d', NULL),
	(202000848, '53803', 1581552000000, '98ef4950-d66f-4569-96bb-34fd448a5311', NULL),
	(202000849, '', 1581638400000, 'c4628930-90b8-4d50-8cd9-b741a0d089db', NULL),
	(202000850, '', 1581638400000, 'b995469a-05b3-4eab-95d9-1be8fcfc77f6', NULL),
	(202000851, '', 1581638400000, 'fef05816-b9b6-473e-be54-06a322fc9055', NULL),
	(202000852, '', 1581638400000, '4d2124ed-c2e5-4de1-8ddf-9ea420e848d5', NULL),
	(202000853, '', 1581638400000, '1', NULL),
	(202000854, '', 1581465600000, '2', NULL),
	(202000855, '', 1581552000000, '3', NULL),
	(202000856, '', 1581465600000, '086023be-f262-43c7-907a-6855132f7a85', NULL),
	(202000857, '', 1581638400000, 'f7930960-e83c-4a5f-838b-44f557663e87', NULL),
	(202000858, '', 1581638400000, 'd67ba330-3806-4069-83e3-986409bdb2bc', NULL),
	(202000859, '', 1581638400000, '7e8757f6-f660-4a78-a6d0-c4ecbf671d5c', NULL),
	(202000860, '', 1581465600000, '5b65e6f8-7f9e-44a2-963c-2d9c9796f576', NULL),
	(202000861, '53807', 1581552000000, 'fbcb7265-67c3-4f75-95f5-b526498bbd58', NULL),
	(202000862, '53817', 1581638400000, '5ed36912-05f1-42d2-be31-d8f90bef7e97', NULL),
	(202000863, '53431', 1581638400000, 'd414a482-0500-4d3e-9767-42b919867d1f', NULL),
	(202000864, '', 1581638400000, 'a3991e66-1b1c-4968-9b56-4e85c3673afe', NULL),
	(202000865, '', 1581465600000, 'a24cc1fd-cf2a-4e55-8bb9-61f1a68e52db', NULL),
	(202000866, '', 1581552000000, '22c1100e-3211-4d58-9167-7550025a1485', NULL),
	(202000867, '', 1581552000000, 'fdeb33e1-23f9-4ed7-af4c-48f08eaf7b17', NULL),
	(202000868, '50005', 1581465600000, '0134dfd1-dbaa-4a45-a4b7-c513a9b6f256', NULL),
	(202000869, '50006', 1581465600000, '0134dfd1-dbaa-4a45-a4b7-c513a9b6f256', NULL),
	(202000870, '50007', 1581465600000, '3097f9fd-e023-4e4f-81ce-46128f299a97', NULL),
	(202000871, '50008', 1581465600000, '76ef3bff-8687-4266-833f-b83d3e404304', NULL),
	(202000872, '50009', 1581465600000, '16b35c63-22ee-4a4a-9771-19d955b36e6b', NULL),
	(202000873, '50010', 1581465600000, '860d16ae-3898-4ac0-bb1c-e1547add3fe2', NULL),
	(202000874, '50011', 1581465600000, 'd7de50f2-d835-4a38-856d-8b3e6a6a78d8', NULL),
	(202000875, '50012', 1581465600000, '5531f0ed-588c-4964-9e28-08e5e035aa6d', NULL),
	(202000876, '50013', 1581465600000, '4da24f63-4cd8-42ed-b329-c7e071733d49', NULL),
	(202000877, '50014', 1581465600000, '645755b2-daea-45df-be42-49271b919c52', NULL),
	(202000878, '50015', 1581465600000, '87dc6db6-1831-4a90-b5fc-f80170782e65', NULL),
	(202000879, '50016', 1581465600000, '3cf1c9db-7807-4b7e-acd9-b07c26f3e29e', NULL),
	(202000880, '50017', 1581465600000, '0134dfd1-dbaa-4a45-a4b7-c513a9b6f256', NULL),
	(202000881, '50018', 1581465600000, 'fc595358-2924-4de1-9ced-3d22c5829df7', NULL),
	(202000882, '50019', 1581465600000, '36647dee-5dc1-436c-8fdc-8f1cbb64e738', NULL),
	(202000883, '50020', 1581465600000, 'b931597a-553a-436f-a12a-7ab1778a6721', NULL),
	(202000884, '50021', 1581465600000, '57e434c9-4498-4d78-bad8-f03c4f984cb4', NULL),
	(202000885, '50022', 1581465600000, '39f1e5ed-b243-4a62-b834-c9ab827f7e8b', NULL),
	(202000886, '20023', 1581465600000, '67d52662-40d7-42ee-8184-95410af98dbc', NULL),
	(202000887, '50024', 1581465600000, '237a1c1c-d327-4cf9-ae45-747641b13d4f', NULL),
	(202000888, '50025', 1581465600000, '98f0ca30-ee75-4551-a461-11869ea426bf', NULL),
	(202000889, '50026', 1581552000000, '71a95985-def8-4d30-8a41-4e59cce1424b', NULL),
	(202000890, '50027', 1581552000000, '64e8c8f2-60a0-4c34-95af-fb428649af23', NULL),
	(202000891, '50028', 1581552000000, 'dcb56376-81be-4a4b-8423-d10156146b35', NULL),
	(202000892, '50029', 1581552000000, 'becc5c6b-da9c-4336-af89-2e5fd01da995', NULL),
	(202000893, '50030', 1581552000000, 'a9adf9ee-bc0f-4b75-99b5-61272d6ae944', NULL),
	(202000894, '50031', 1581552000000, '0613909b-a692-4fae-8da8-b94bb3a2bf90', NULL),
	(202000895, '50032', 1581552000000, 'b4799fdd-8e1e-4890-91de-fd5de10cd586', NULL),
	(202000896, '50033', 1581638400000, 'faedca97-2d98-404e-9d8d-1f10198d38d7', NULL),
	(202000897, '50034', 1581638400000, '214462be-ac79-4fa6-a5e8-cf619727d86d', NULL),
	(202000898, '50035', 1581638400000, '6daa868f-ae4d-4339-9f5b-cfcecad3872c', NULL),
	(202000899, '50036', 1581638400000, '2ca45eae-e607-428d-bf71-d1820a2bcbfd', NULL),
	(202000900, '50037', 1581638400000, '91bae107-0aab-487f-ac6e-b99bdde8d22c', NULL),
	(202000901, '50038', 1581638400000, 'da43d024-480e-42ff-8943-c1634b58d060', NULL),
	(202000902, '50039', 1581638400000, 'ae4f9af6-d90e-4f5a-a463-a2f56f7a11f1', NULL),
	(202000903, '50040', 1581638400000, 'cd04fa36-68ae-4ccc-8121-513bf8aeb977', NULL),
	(202000904, '50041', 1581638400000, 'd1ab3e56-0485-481d-9967-e2b10ce05e36', NULL),
	(202000905, '50042', 1581638400000, 'd8a6c703-1d36-4e9d-9763-5a592f28fb72', NULL),
	(202000906, '50043', 1581638400000, 'a95b3743-e7e7-42f4-b9b6-260d36b91bcb', NULL),
	(202000907, '50044', 1581638400000, 'a95b3743-e7e7-42f4-b9b6-260d36b91bcb', NULL),
	(202000908, '50045', 1581638400000, '7679ce51-efce-449c-8487-f05f31941d77', NULL),
	(202000909, '50046', 1581638400000, '092e1d32-a32a-40c5-8c6e-d59b2c23fa42', NULL),
	(202000910, '50047', 1581638400000, '07a3d35f-6f5f-4efa-a943-da0a5881da4b', NULL),
	(202000911, '49717', 1581638400000, 'f2c145bd-bf70-4bac-9c46-b188f30e915a', NULL),
	(202000912, '49718', 1581638400000, 'b6d59566-5ba7-4554-a7c1-b7254411af0b', NULL),
	(202000913, '49719', 1581638400000, 'e4e3611f-0ac3-4461-bff8-51b92515704f', NULL),
	(202000914, '49720', 1581638400000, 'e21714b9-30c6-4fe8-be10-4266c36bceb0', NULL),
	(202000915, '49721', 1581638400000, 'ec485357-0290-4829-9eb7-2c90d64dab05', NULL),
	(202000916, '49722', 1581638400000, '4ae7b1f7-31bd-4448-a4a6-0aaf57b145f6', NULL),
	(202000917, '49723', 1581638400000, '6e1434f5-0b32-4556-bb80-b8f18f3434a0', NULL),
	(202000918, '', 1581897600000, 'f7c51473-5f81-4690-9f19-b67bab3edf09', NULL),
	(202000919, '', 1581897600000, '02d3e82b-31ce-4f0e-bcab-377ef305a8e8', NULL),
	(202000920, '', 1581897600000, '67071438-78ea-4de2-96d8-81c2db312873', NULL),
	(202000921, '', 1581897600000, '6896644a-14f3-4279-b30e-5faf29bf57e8', NULL),
	(202000922, '', 1581897600000, '909a4e2a-e05b-4c27-84f7-a658def32503', 145),
	(202000923, '200000000560', 1581897600000, '7da495a9-fed8-4a0e-b964-a3d514a4b810', NULL),
	(202000924, '', 1581897600000, '949911dc-a488-4260-b4ac-dac3de883c4a', NULL),
	(202000925, '', 1581897600000, '446cfafd-6b63-4263-92c9-2940ec9fd820', 147),
	(202000926, '53835', 1581897600000, '9af0ccf5-3e8e-447e-87eb-75e8a58210a5', NULL),
	(202000927, '', 1581984000000, 'f25d58b2-2fe2-45bf-bcb4-269aaa99f4b9', 148),
	(202000928, '', 1581984000000, '34d2144b-b1cf-4de0-a459-25aaf8218b9a', 149),
	(202000929, '', 1581984000000, 'ce08b474-d62a-4ad2-ac66-194d3e4af6f5', 150),
	(202000930, '53841', 1581984000000, '59fdaa41-22f9-4498-b97f-b68c7b1fb697', NULL),
	(202000931, '53840', 1581984000000, '65a86d31-8c7a-4939-9b55-1d8f438839b1', NULL),
	(202000932, '53842', 1581984000000, '8ea9fab9-ac07-4dd7-8bc3-8b3916a75dc1', NULL),
	(202000933, '', 1581897600000, 'ae712b51-b3b6-4a33-a7d0-890473057ad6', NULL),
	(202000934, '', 1581897600000, 'd67ba330-3806-4069-83e3-986409bdb2bc', NULL),
	(202000935, '', 1581897600000, '7e8757f6-f660-4a78-a6d0-c4ecbf671d5c', NULL),
	(202000936, '', 1581897600000, '67ec86d4-99bc-42b4-bc66-f2e78ab9da77', NULL),
	(202000937, '53832', 1581897600000, '5ed36912-05f1-42d2-be31-d8f90bef7e97', NULL),
	(202000938, '53851', 1581984000000, 'd66dcffa-a1c6-427c-9cd0-a5ddee2e0d5b', NULL),
	(202000939, '53843', 1581984000000, '9f499ee3-af0d-4023-97c1-4633e3680788', NULL),
	(202000940, '', 1581897600000, 'fdeb33e1-23f9-4ed7-af4c-48f08eaf7b17', NULL),
	(202000941, '50048', 1581897600000, '2ca45eae-e607-428d-bf71-d1820a2bcbfd', NULL),
	(202000942, '50049', 1581897600000, '91bae107-0aab-487f-ac6e-b99bdde8d22c', NULL),
	(202000943, '50050', 1581897600000, '990b9ae9-a8e7-4144-a375-8e5504b5e295', NULL),
	(202000944, '50051', 1581897600000, 'da43d024-480e-42ff-8943-c1634b58d060', NULL),
	(202000945, '50052', 1581897600000, 'ae4f9af6-d90e-4f5a-a463-a2f56f7a11f1', NULL),
	(202000946, '48630', 1581897600000, 'e8e5b485-e3aa-4a32-acd6-0501d32a1fe9', NULL),
	(202000947, '50053', 1581984000000, 'e12efa27-4a3c-4d17-917c-36efd0400699', NULL),
	(202000948, '50054', 1581984000000, '2fb7eb55-23fd-4488-b137-c3166c9e6e6a', NULL),
	(202000949, '50055', 1581984000000, 'd7de50f2-d835-4a38-856d-8b3e6a6a78d8', NULL),
	(202000950, '50056', 1581984000000, 'ecaf65b5-803d-4551-a243-ffc14f5f287f', NULL),
	(202000951, '50057', 1581984000000, '1b7ddab6-f4ea-44b3-83a3-b28bf21de73d', NULL),
	(202000952, '50058', 1581984000000, '237a1c1c-d327-4cf9-ae45-747641b13d4f', NULL),
	(202000953, '50059', 1581984000000, '07a3d35f-6f5f-4efa-a943-da0a5881da4b', NULL),
	(202000954, '', 1581984000000, '032fbd78-99f5-4f80-a655-dc6d46a2c389', 143),
	(202000955, '', 1582070400000, 'f6391925-acc4-4f15-9374-7790be8fa7e6', NULL),
	(202000956, '', 1582156800000, '69124303-5f99-416f-a2bd-96d5528f71f3', NULL),
	(202000957, '', 1581897600000, 'f4f61bdc-d2c5-4b30-9847-244d7c11c21f', 146),
	(202000958, '', 1581897600000, '122b0850-2e0b-47fa-956c-ee815d031b07', NULL),
	(202000959, '', 1582070400000, 'b3e9524e-131b-47b1-8a98-0ed21660cecc', NULL),
	(202000960, '', 1581897600000, '1c9bdf76-493b-49c4-ac5b-b71a77d76283', NULL),
	(202000961, '', 1582156800000, '90cbe539-0bd8-4f32-bb7b-a7e1493d43ce', NULL),
	(202000962, '53857', 1582156800000, '9af0ccf5-3e8e-447e-87eb-75e8a58210a5', NULL),
	(202000963, '', 1582070400000, '920a5efa-8773-478b-b414-e8f91d03da9d', NULL),
	(202000964, '', 1582070400000, '920a5efa-8773-478b-b414-e8f91d03da9d', NULL),
	(202000965, '53854', 1582156800000, '98ef4950-d66f-4569-96bb-34fd448a5311', NULL),
	(202000966, '', 1581897600000, 'b995469a-05b3-4eab-95d9-1be8fcfc77f6', NULL),
	(202000967, '', 1581897600000, '20f4e51b-0989-4aa6-8bab-267a42cffc91', NULL),
	(202000968, '', 1581897600000, '1', NULL),
	(202000969, '', 1582070400000, '2', NULL),
	(202000970, '', 1582156800000, '3', NULL),
	(202000971, '', 1582070400000, '086023be-f262-43c7-907a-6855132f7a85', NULL),
	(202000972, '', 1581897600000, 'f7930960-e83c-4a5f-838b-44f557663e87', NULL),
	(202000973, '', 1582070400000, '5b65e6f8-7f9e-44a2-963c-2d9c9796f576', NULL),
	(202000974, '53859', 1582156800000, 'fbcb7265-67c3-4f75-95f5-b526498bbd58', NULL),
	(202000975, '53439', 1581897600000, 'd414a482-0500-4d3e-9767-42b919867d1f', NULL),
	(202000976, '', 1581897600000, 'a3991e66-1b1c-4968-9b56-4e85c3673afe', NULL),
	(202000977, '', 1582070400000, 'a24cc1fd-cf2a-4e55-8bb9-61f1a68e52db', NULL),
	(202000978, '', 1582156800000, '22c1100e-3211-4d58-9167-7550025a1485', NULL),
	(202000979, '', 1582156800000, 'fdeb33e1-23f9-4ed7-af4c-48f08eaf7b17', NULL),
	(202000980, '', 1581897600000, '4bfd0073-24f6-447a-98a7-5d35358e195c', NULL),
	(202000981, '50060', 1582070400000, '0134dfd1-dbaa-4a45-a4b7-c513a9b6f256', NULL),
	(202000982, '50061', 1582070400000, '0134dfd1-dbaa-4a45-a4b7-c513a9b6f256', NULL),
	(202000983, '50062', 1582070400000, '3097f9fd-e023-4e4f-81ce-46128f299a97', NULL),
	(202000984, '50063', 1582070400000, '16b35c63-22ee-4a4a-9771-19d955b36e6b', NULL),
	(202000985, '50064', 1582070400000, '860d16ae-3898-4ac0-bb1c-e1547add3fe2', NULL),
	(202000986, '50065', 1582070400000, '514a0bea-684d-458d-9370-f202ea032135', NULL),
	(202000987, '50066', 1582070400000, 'd913e427-c033-4e7a-bef9-67f5385d3346', NULL),
	(202000988, '50067', 1582070400000, 'd7de50f2-d835-4a38-856d-8b3e6a6a78d8', NULL),
	(202000989, '50068', 1582070400000, '5531f0ed-588c-4964-9e28-08e5e035aa6d', NULL),
	(202000990, '50069', 1582070400000, '4da24f63-4cd8-42ed-b329-c7e071733d49', NULL),
	(202000991, '50070', 1582070400000, '87dc6db6-1831-4a90-b5fc-f80170782e65', NULL),
	(202000992, '50071', 1582070400000, '645755b2-daea-45df-be42-49271b919c52', NULL),
	(202000993, '50072', 1582070400000, '3cf1c9db-7807-4b7e-acd9-b07c26f3e29e', NULL),
	(202000994, '50073', 1582070400000, 'fc595358-2924-4de1-9ced-3d22c5829df7', NULL),
	(202000995, '50074', 1582070400000, '36647dee-5dc1-436c-8fdc-8f1cbb64e738', NULL),
	(202000996, '50075', 1582070400000, '0134dfd1-dbaa-4a45-a4b7-c513a9b6f256', NULL),
	(202000997, '50076', 1582070400000, 'b931597a-553a-436f-a12a-7ab1778a6721', NULL),
	(202000998, '50077', 1582070400000, '57e434c9-4498-4d78-bad8-f03c4f984cb4', NULL),
	(202000999, '50078', 1582070400000, 'e2781689-3e83-48e4-89bc-75f4e83df48f', NULL),
	(202001000, '50079', 1582070400000, '39f1e5ed-b243-4a62-b834-c9ab827f7e8b', NULL),
	(202001001, '50080', 1582070400000, '67d52662-40d7-42ee-8184-95410af98dbc', NULL),
	(202001002, '50081', 1582070400000, '98f0ca30-ee75-4551-a461-11869ea426bf', NULL),
	(202001009, '49724', 1581897600000, 'f2c145bd-bf70-4bac-9c46-b188f30e915a', NULL),
	(202001010, '49725', 1581897600000, 'e46a49d2-3faf-4f66-b331-3018b2c7175f', NULL),
	(202001011, '49726', 1581897600000, 'e21714b9-30c6-4fe8-be10-4266c36bceb0', NULL),
	(202001012, '49727', 1581897600000, '6e1434f5-0b32-4556-bb80-b8f18f3434a0', NULL),
	(202001013, '49728', 1581897600000, '50606a53-968a-4c06-bbef-75af414be9e4', NULL),
	(202001014, '50082', 1582156800000, '64e8c8f2-60a0-4c34-95af-fb428649af23', NULL),
	(202001015, '50083', 1582156800000, '71a95985-def8-4d30-8a41-4e59cce1424b', NULL),
	(202001016, '50084', 1582156800000, 'dcb56376-81be-4a4b-8423-d10156146b35', NULL),
	(202001017, '50085', 1582156800000, 'becc5c6b-da9c-4336-af89-2e5fd01da995', NULL),
	(202001018, '50086', 1582156800000, 'a9adf9ee-bc0f-4b75-99b5-61272d6ae944', NULL),
	(202001019, '50087', 1582156800000, '7679ce51-efce-449c-8487-f05f31941d77', NULL),
	(202001020, '50088', 1582156800000, '0613909b-a692-4fae-8da8-b94bb3a2bf90', NULL),
	(202001021, '50089', 1582156800000, 'daf858b2-da33-4fca-a26a-116d44874b1e', NULL),
	(202001022, '', 1582243200000, '2b59b68c-2468-4a6a-a237-f4be7350baec', 144),
	(202001023, '', 1582243200000, '02d3e82b-31ce-4f0e-bcab-377ef305a8e8', NULL),
	(202001024, '', 1582243200000, '6896644a-14f3-4279-b30e-5faf29bf57e8', NULL),
	(202001025, '200000000635', 1582243200000, '7da495a9-fed8-4a0e-b964-a3d514a4b810', NULL),
	(202001026, '53861', 1582243200000, '76bd4c96-3658-488f-acfe-654cfa7d4386', NULL),
	(202001027, '', 1582243200000, '1c9bdf76-493b-49c4-ac5b-b71a77d76283', NULL),
	(202001028, '', 1582243200000, 'c4628930-90b8-4d50-8cd9-b741a0d089db', NULL),
	(202001029, '', 1582243200000, 'b995469a-05b3-4eab-95d9-1be8fcfc77f6', NULL),
	(202001030, '', 1582243200000, 'fef05816-b9b6-473e-be54-06a322fc9055', NULL),
	(202001031, '', 1582243200000, '4d2124ed-c2e5-4de1-8ddf-9ea420e848d5', NULL),
	(202001032, '', 1582243200000, '1', NULL),
	(202001033, '', 1582243200000, 'f7930960-e83c-4a5f-838b-44f557663e87', NULL),
	(202001034, '', 1582243200000, 'd67ba330-3806-4069-83e3-986409bdb2bc', NULL),
	(202001035, '', 1582243200000, '7e8757f6-f660-4a78-a6d0-c4ecbf671d5c', NULL),
	(202001036, '', 1582243200000, '3adb6160-cfa2-4248-af1b-c9d9b62c45bf', NULL),
	(202001037, '53870', 1582243200000, '5ed36912-05f1-42d2-be31-d8f90bef7e97', NULL),
	(202001038, '53448', 1582243200000, 'd414a482-0500-4d3e-9767-42b919867d1f', NULL),
	(202001039, '', 1582243200000, 'a3991e66-1b1c-4968-9b56-4e85c3673afe', NULL),
	(202001040, '', 1582502400000, 'f7c51473-5f81-4690-9f19-b67bab3edf09', NULL),
	(202001041, '', 1582502400000, '02d3e82b-31ce-4f0e-bcab-377ef305a8e8', NULL),
	(202001042, '', 1582502400000, '67071438-78ea-4de2-96d8-81c2db312873', NULL),
	(202001043, '', 1582502400000, '6896644a-14f3-4279-b30e-5faf29bf57e8', NULL),
	(202001044, '200000000642', 1582502400000, '7da495a9-fed8-4a0e-b964-a3d514a4b810', NULL),
	(202001045, '', 1582502400000, '949911dc-a488-4260-b4ac-dac3de883c4a', NULL),
	(202001046, '', 1582502400000, '122b0850-2e0b-47fa-956c-ee815d031b07', NULL),
	(202001047, '53874', 1582502400000, '76bd4c96-3658-488f-acfe-654cfa7d4386', NULL),
	(202001048, '', 1582502400000, '1c9bdf76-493b-49c4-ac5b-b71a77d76283', NULL),
	(202001049, '53888', 1582502400000, '9af0ccf5-3e8e-447e-87eb-75e8a58210a5', NULL),
	(202001050, '', 1582502400000, 'b995469a-05b3-4eab-95d9-1be8fcfc77f6', NULL),
	(202001051, '', 1582502400000, '20f4e51b-0989-4aa6-8bab-267a42cffc91', NULL),
	(202001052, '', 1582502400000, '1', NULL),
	(202001053, '', 1582502400000, 'f7930960-e83c-4a5f-838b-44f557663e87', NULL),
	(202001054, '', 1582502400000, 'd67ba330-3806-4069-83e3-986409bdb2bc', NULL),
	(202001055, '', 1582502400000, '7e8757f6-f660-4a78-a6d0-c4ecbf671d5c', NULL),
	(202001056, '', 1582502400000, '67ec86d4-99bc-42b4-bc66-f2e78ab9da77', NULL),
	(202001057, '', 1582502400000, '3adb6160-cfa2-4248-af1b-c9d9b62c45bf', NULL),
	(202001058, '53884', 1582502400000, '5ed36912-05f1-42d2-be31-d8f90bef7e97', NULL),
	(202001059, '53457', 1582502400000, 'd414a482-0500-4d3e-9767-42b919867d1f', NULL),
	(202001060, '', 1582502400000, 'a3991e66-1b1c-4968-9b56-4e85c3673afe', NULL),
	(202001061, '50090', 1582243200000, 'faedca97-2d98-404e-9d8d-1f10198d38d7', NULL),
	(202001062, '50091', 1582243200000, '6daa868f-ae4d-4339-9f5b-cfcecad3872c', NULL),
	(202001063, '50092', 1582243200000, '2ca45eae-e607-428d-bf71-d1820a2bcbfd', NULL),
	(202001064, '50093', 1582243200000, '91bae107-0aab-487f-ac6e-b99bdde8d22c', NULL),
	(202001065, '50094', 1582243200000, 'da43d024-480e-42ff-8943-c1634b58d060', NULL),
	(202001066, '50095', 1582243200000, 'ae4f9af6-d90e-4f5a-a463-a2f56f7a11f1', NULL),
	(202001067, '50096', 1582243200000, 'd1ab3e56-0485-481d-9967-e2b10ce05e36', NULL),
	(202001068, '50097', 1582243200000, 'd8a6c703-1d36-4e9d-9763-5a592f28fb72', NULL),
	(202001069, '50098', 1582243200000, 'a95b3743-e7e7-42f4-b9b6-260d36b91bcb', NULL),
	(202001070, '50099', 1582243200000, 'a95b3743-e7e7-42f4-b9b6-260d36b91bcb', NULL),
	(202001071, '50100', 1582243200000, '07a3d35f-6f5f-4efa-a943-da0a5881da4b', NULL),
	(202001072, '49729', 1582243200000, 'f2c145bd-bf70-4bac-9c46-b188f30e915a', NULL),
	(202001073, '49730', 1582243200000, 'b6d59566-5ba7-4554-a7c1-b7254411af0b', NULL),
	(202001074, '49731', 1582243200000, 'e4e3611f-0ac3-4461-bff8-51b92515704f', NULL),
	(202001075, '49732', 1582243200000, 'e21714b9-30c6-4fe8-be10-4266c36bceb0', NULL),
	(202001076, '49733', 1582243200000, 'ec485357-0290-4829-9eb7-2c90d64dab05', NULL),
	(202001077, '50101', 1582502400000, '2ca45eae-e607-428d-bf71-d1820a2bcbfd', NULL),
	(202001078, '50102', 1582502400000, '91bae107-0aab-487f-ac6e-b99bdde8d22c', NULL),
	(202001079, '50103', 1582502400000, 'da43d024-480e-42ff-8943-c1634b58d060', NULL),
	(202001080, '50104', 1582502400000, 'ae4f9af6-d90e-4f5a-a463-a2f56f7a11f1', NULL),
	(202001081, '49734', 1582502400000, 'becc5c6b-da9c-4336-af89-2e5fd01da995', NULL),
	(202001082, '49735', 1582502400000, 'f2c145bd-bf70-4bac-9c46-b188f30e915a', NULL),
	(202001083, '49736', 1582502400000, 'e46a49d2-3faf-4f66-b331-3018b2c7175f', NULL),
	(202001084, '49737', 1582502400000, 'e4e3611f-0ac3-4461-bff8-51b92515704f', NULL),
	(202001085, '49738', 1582502400000, 'e21714b9-30c6-4fe8-be10-4266c36bceb0', NULL),
	(202001086, '', 1582588800000, 'f25d58b2-2fe2-45bf-bcb4-269aaa99f4b9', 148),
	(202001087, '', 1582588800000, '34d2144b-b1cf-4de0-a459-25aaf8218b9a', 149),
	(202001088, '', 1582588800000, 'ce08b474-d62a-4ad2-ac66-194d3e4af6f5', 150),
	(202001089, '', 1582243200000, '909a4e2a-e05b-4c27-84f7-a658def32503', 145),
	(202001090, '', 1582502400000, '909a4e2a-e05b-4c27-84f7-a658def32503', 145),
	(202001091, '', 1582502400000, 'f4f61bdc-d2c5-4b30-9847-244d7c11c21f', 146),
	(202001092, '', 1582502400000, '446cfafd-6b63-4263-92c9-2940ec9fd820', 147),
	(202001093, '', 1582848000000, 'f7c51473-5f81-4690-9f19-b67bab3edf09', NULL),
	(202001094, '', 1582675200000, 'f6391925-acc4-4f15-9374-7790be8fa7e6', NULL),
	(202001095, '', 1582848000000, '02d3e82b-31ce-4f0e-bcab-377ef305a8e8', NULL),
	(202001096, '', 1582761600000, '69124303-5f99-416f-a2bd-96d5528f71f3', NULL),
	(202001097, '', 1582848000000, '6896644a-14f3-4279-b30e-5faf29bf57e8', NULL),
	(202001098, '', 1582848000000, '909a4e2a-e05b-4c27-84f7-a658def32503', NULL),
	(202001099, '200000000701', 1582848000000, '7da495a9-fed8-4a0e-b964-a3d514a4b810', NULL),
	(202001100, '', 1582848000000, '122b0850-2e0b-47fa-956c-ee815d031b07', NULL),
	(202001101, '53910', 1582848000000, '76bd4c96-3658-488f-acfe-654cfa7d4386', NULL),
	(202001102, '', 1582848000000, '1c9bdf76-493b-49c4-ac5b-b71a77d76283', NULL),
	(202001103, '', 1582761600000, '90cbe539-0bd8-4f32-bb7b-a7e1493d43ce', NULL),
	(202001104, '53905', 1582761600000, '9af0ccf5-3e8e-447e-87eb-75e8a58210a5', NULL),
	(202001105, '', 1582675200000, '920a5efa-8773-478b-b414-e8f91d03da9d', NULL),
	(202001106, '', 1582675200000, '920a5efa-8773-478b-b414-e8f91d03da9d', NULL),
	(202001107, '53903', 1582761600000, '98ef4950-d66f-4569-96bb-34fd448a5311', NULL),
	(202001108, '', 1582848000000, 'c4628930-90b8-4d50-8cd9-b741a0d089db', NULL),
	(202001109, '', 1582848000000, 'b995469a-05b3-4eab-95d9-1be8fcfc77f6', NULL),
	(202001110, '', 1582848000000, 'fef05816-b9b6-473e-be54-06a322fc9055', NULL),
	(202001111, '', 1582848000000, '4d2124ed-c2e5-4de1-8ddf-9ea420e848d5', NULL),
	(202001112, '54463', 1582675200000, '59fdaa41-22f9-4498-b97f-b68c7b1fb697', NULL),
	(202001113, '', 1582848000000, '1', NULL),
	(202001114, '', 1582675200000, '2', NULL),
	(202001115, '', 1582761600000, '3', NULL),
	(202001116, '53894', 1582588800000, '65a86d31-8c7a-4939-9b55-1d8f438839b1', NULL),
	(202001117, '53465', 1582675200000, '8ea9fab9-ac07-4dd7-8bc3-8b3916a75dc1', NULL),
	(202001118, '', 1582675200000, '086023be-f262-43c7-907a-6855132f7a85', NULL),
	(202001119, '', 1582848000000, 'f7930960-e83c-4a5f-838b-44f557663e87', NULL),
	(202001120, '', 1582848000000, 'd67ba330-3806-4069-83e3-986409bdb2bc', NULL),
	(202001121, '', 1582848000000, '7e8757f6-f660-4a78-a6d0-c4ecbf671d5c', NULL),
	(202001122, '', 1582675200000, '5b65e6f8-7f9e-44a2-963c-2d9c9796f576', NULL),
	(202001123, '53907', 1582761600000, 'fbcb7265-67c3-4f75-95f5-b526498bbd58', NULL),
	(202001124, '53919', 1582848000000, '5ed36912-05f1-42d2-be31-d8f90bef7e97', NULL),
	(202001125, '53468', 1582848000000, 'd414a482-0500-4d3e-9767-42b919867d1f', NULL),
	(202001126, '53464', 1582675200000, 'd66dcffa-a1c6-427c-9cd0-a5ddee2e0d5b', NULL),
	(202001127, '53893', 1582588800000, '9f499ee3-af0d-4023-97c1-4633e3680788', NULL),
	(202001128, '', 1582848000000, 'a3991e66-1b1c-4968-9b56-4e85c3673afe', NULL),
	(202001129, '', 1582675200000, 'a24cc1fd-cf2a-4e55-8bb9-61f1a68e52db', NULL),
	(202001130, '', 1582761600000, '22c1100e-3211-4d58-9167-7550025a1485', NULL),
	(202001131, '53892', 1582588800000, 'ee02c38b-5d89-4de9-8282-685d0cbd50fa', NULL),
	(202001132, '', 1582848000000, 'fdeb33e1-23f9-4ed7-af4c-48f08eaf7b17', NULL),
	(202001133, '', 1582848000000, '4bfd0073-24f6-447a-98a7-5d35358e195c', NULL),
	(202001134, '50105', 1582588800000, '07a3d35f-6f5f-4efa-a943-da0a5881da4b', NULL),
	(202001135, '50106', 1582588800000, 'e12efa27-4a3c-4d17-917c-36efd0400699', NULL),
	(202001136, '50107', 1582588800000, '2fb7eb55-23fd-4488-b137-c3166c9e6e6a', NULL),
	(202001137, '50108', 1582588800000, 'd7de50f2-d835-4a38-856d-8b3e6a6a78d8', NULL),
	(202001138, '50109', 1582675200000, '64e8c8f2-60a0-4c34-95af-fb428649af23', NULL),
	(202001139, '50110', 1582675200000, '0134dfd1-dbaa-4a45-a4b7-c513a9b6f256', NULL),
	(202001140, '50111', 1582675200000, '0134dfd1-dbaa-4a45-a4b7-c513a9b6f256', NULL),
	(202001141, '50112', 1582675200000, '3097f9fd-e023-4e4f-81ce-46128f299a97', NULL),
	(202001142, '50113', 1582675200000, '76ef3bff-8687-4266-833f-b83d3e404304', NULL),
	(202001143, '50114', 1582675200000, '860d16ae-3898-4ac0-bb1c-e1547add3fe2', NULL),
	(202001144, '50115', 1582675200000, '514a0bea-684d-458d-9370-f202ea032135', NULL),
	(202001145, '50116', 1582675200000, 'd913e427-c033-4e7a-bef9-67f5385d3346', NULL),
	(202001146, '50117', 1582675200000, 'd7de50f2-d835-4a38-856d-8b3e6a6a78d8', NULL),
	(202001147, '50118', 1582675200000, '5531f0ed-588c-4964-9e28-08e5e035aa6d', NULL),
	(202001148, '50119', 1582675200000, '4da24f63-4cd8-42ed-b329-c7e071733d49', NULL),
	(202001149, '50120', 1582675200000, '87dc6db6-1831-4a90-b5fc-f80170782e65', NULL),
	(202001150, '50121', 1582675200000, '645755b2-daea-45df-be42-49271b919c52', NULL),
	(202001151, '50122', 1582675200000, '3cf1c9db-7807-4b7e-acd9-b07c26f3e29e', NULL),
	(202001152, '50123', 1582675200000, '0134dfd1-dbaa-4a45-a4b7-c513a9b6f256', NULL),
	(202001153, '50124', 1582675200000, '36647dee-5dc1-436c-8fdc-8f1cbb64e738', NULL),
	(202001154, '50125', 1582675200000, 'b931597a-553a-436f-a12a-7ab1778a6721', NULL),
	(202001155, '50126', 1582675200000, '57e434c9-4498-4d78-bad8-f03c4f984cb4', NULL),
	(202001156, '50127', 1582675200000, '39f1e5ed-b243-4a62-b834-c9ab827f7e8b', NULL),
	(202001157, '50128', 1582675200000, '67d52662-40d7-42ee-8184-95410af98dbc', NULL),
	(202001158, '50129', 1582675200000, '237a1c1c-d327-4cf9-ae45-747641b13d4f', NULL),
	(202001159, '50130', 1582675200000, '98f0ca30-ee75-4551-a461-11869ea426bf', NULL),
	(202001160, '48631', 1582675200000, 'e8e5b485-e3aa-4a32-acd6-0501d32a1fe9', NULL),
	(202001161, '50131', 1582761600000, '71a95985-def8-4d30-8a41-4e59cce1424b', NULL),
	(202001162, '50132', 1582761600000, 'dcb56376-81be-4a4b-8423-d10156146b35', NULL),
	(202001163, '50133', 1582761600000, 'a9adf9ee-bc0f-4b75-99b5-61272d6ae944', NULL),
	(202001164, '50134', 1582761600000, '7679ce51-efce-449c-8487-f05f31941d77', NULL),
	(202001165, '50136', 1582761600000, '0613909b-a692-4fae-8da8-b94bb3a2bf90', NULL),
	(202001166, '50137', 1582761600000, 'fc595358-2924-4de1-9ced-3d22c5829df7', NULL),
	(202001167, '50138', 1582761600000, 'b4799fdd-8e1e-4890-91de-fd5de10cd586', NULL),
	(202001168, '50139', 1582848000000, 'faedca97-2d98-404e-9d8d-1f10198d38d7', NULL),
	(202001169, '50140', 1582848000000, '214462be-ac79-4fa6-a5e8-cf619727d86d', NULL),
	(202001170, '50141', 1582848000000, '6daa868f-ae4d-4339-9f5b-cfcecad3872c', NULL),
	(202001171, '50142', 1582848000000, '2ca45eae-e607-428d-bf71-d1820a2bcbfd', NULL),
	(202001172, '50143', 1582848000000, '91bae107-0aab-487f-ac6e-b99bdde8d22c', NULL),
	(202001173, '50144', 1582848000000, '990b9ae9-a8e7-4144-a375-8e5504b5e295', NULL),
	(202001174, '50145', 1582848000000, 'da43d024-480e-42ff-8943-c1634b58d060', NULL),
	(202001175, '50146', 1582848000000, 'ae4f9af6-d90e-4f5a-a463-a2f56f7a11f1', NULL),
	(202001176, '50147', 1582848000000, 'cd04fa36-68ae-4ccc-8121-513bf8aeb977', NULL),
	(202001177, '50148', 1582848000000, 'd1ab3e56-0485-481d-9967-e2b10ce05e36', NULL),
	(202001178, '50149', 1582848000000, 'd8a6c703-1d36-4e9d-9763-5a592f28fb72', NULL),
	(202001179, '50150', 1582848000000, 'a95b3743-e7e7-42f4-b9b6-260d36b91bcb', NULL),
	(202001180, '50151', 1582848000000, '07a3d35f-6f5f-4efa-a943-da0a5881da4b', NULL),
	(202001181, '49739', 1582848000000, 'f2c145bd-bf70-4bac-9c46-b188f30e915a', NULL),
	(202001182, '49740', 1582848000000, 'e4e3611f-0ac3-4461-bff8-51b92515704f', NULL),
	(202001183, '49741', 1582848000000, 'e21714b9-30c6-4fe8-be10-4266c36bceb0', NULL),
	(202001184, '49742', 1582848000000, '6e1434f5-0b32-4556-bb80-b8f18f3434a0', NULL),
	(202001185, '49743', 1582848000000, 'e2781689-3e83-48e4-89bc-75f4e83df48f', NULL),
	(202001186, '50152', 1582848000000, 'eb9c248f-3294-4627-83b1-7cf82525e567', NULL),
	(202001187, '03187', 1580515200000, '2e63aedb-0988-4069-afcc-f766ab77b7ac', NULL),
	(202001188, '03188', 1580688000000, '2e63aedb-0988-4069-afcc-f766ab77b7ac', NULL),
	(202001189, '03189', 1580688000000, '2e63aedb-0988-4069-afcc-f766ab77b7ac', NULL),
	(202001190, '03190', 1580860800000, '2e63aedb-0988-4069-afcc-f766ab77b7ac', NULL),
	(202001191, '03191', 1580947200000, '2e63aedb-0988-4069-afcc-f766ab77b7ac', NULL),
	(202001192, '03192', 1580947200000, '2e63aedb-0988-4069-afcc-f766ab77b7ac', NULL),
	(202001193, '03193', 1581033600000, '2e63aedb-0988-4069-afcc-f766ab77b7ac', NULL),
	(202001194, '03194', 1581120000000, '2e63aedb-0988-4069-afcc-f766ab77b7ac', NULL),
	(202001195, '03195', 1581292800000, '2e63aedb-0988-4069-afcc-f766ab77b7ac', NULL),
	(202001196, '03196', 1581379200000, '2e63aedb-0988-4069-afcc-f766ab77b7ac', NULL),
	(202001197, '03197', 1581379200000, '2e63aedb-0988-4069-afcc-f766ab77b7ac', NULL),
	(202001198, '03198', 1581465600000, '2e63aedb-0988-4069-afcc-f766ab77b7ac', NULL),
	(202001199, '03199', 1581638400000, '2e63aedb-0988-4069-afcc-f766ab77b7ac', NULL),
	(202001200, '03200', 1581638400000, '2e63aedb-0988-4069-afcc-f766ab77b7ac', NULL),
	(202001201, '03201', 1581724800000, '2e63aedb-0988-4069-afcc-f766ab77b7ac', NULL),
	(202001202, '03202', 1581984000000, '2e63aedb-0988-4069-afcc-f766ab77b7ac', NULL),
	(202001203, '03203', 1582070400000, '2e63aedb-0988-4069-afcc-f766ab77b7ac', NULL),
	(202001204, '03204', 1582243200000, '2e63aedb-0988-4069-afcc-f766ab77b7ac', NULL),
	(202001205, '03205', 1582243200000, '2e63aedb-0988-4069-afcc-f766ab77b7ac', NULL),
	(202001206, '03206', 1582502400000, '2e63aedb-0988-4069-afcc-f766ab77b7ac', NULL),
	(202001207, '03207', 1582675200000, '2e63aedb-0988-4069-afcc-f766ab77b7ac', NULL),
	(202001208, '03208', 1582675200000, '2e63aedb-0988-4069-afcc-f766ab77b7ac', NULL),
	(202001209, '03209', 1582848000000, '2e63aedb-0988-4069-afcc-f766ab77b7ac', NULL),
	(202001210, '03210', 1582848000000, '2e63aedb-0988-4069-afcc-f766ab77b7ac', NULL);

INSERT INTO delivery_note_item
	(id, price, quantity, delivery_note_id, product_id)
VALUES
	('008b2a02-0b74-44e3-9e40-40c23791ff8c', 0.105, 360, 202000270, '3'),
	('00a55e67-4318-4dc6-88bc-219deaf74ac3', 0.13, 120, 202001185, '2'),
	('00d24662-c0aa-4fa9-affc-e530df9fcd27', 0.13, 120, 202000545, '2'),
	('00f10e38-dffb-4a35-842d-58259e7e40d8', 0.135, 100, 202000266, '5'),
	('00f9ca7f-f9e1-4041-b56f-4bdcad96689b', 0.13, 240, 202000904, '2'),
	('013781b4-300d-41b1-b97b-d85b0f53e8de', 0.13, 60, 202000318, '2'),
	('01b4994b-4f6d-4e27-89d7-9dda32cb2b5a', 0.13, 720, 202000090, '5'),
	('01d2d17c-e5cf-42d4-8edf-a98c8c909997', 0.13, 240, 202000140, '2'),
	('02532211-32c1-4881-a4d9-838358824828', 0.095, 1080, 202000025, '3'),
	('0286c826-e92e-4690-a3b2-23739275847e', 0.13, 60, 202001201, '2'),
	('02ca9da5-19af-4c3e-a225-8c99005e796e', 0.13, 360, 202000341, '2'),
	('032f8de4-0573-4f17-968b-0c0f78de31c4', 0.14, 240, 202000151, '1'),
	('03aeb2f4-bfba-4cc3-84d3-2764d335dd21', 0.13, 150, 202000340, '2'),
	('04415974-3576-441f-905f-0ef296784dcd', 0.13, 90, 202001206, '2'),
	('049a8fbe-e4bd-4c8d-95a4-81aa7a4f8f13', 0.135, 360, 202000292, '5'),
	('04a55818-aae4-4cb7-a7a1-9e737dd53a5f', 0.12, 180, 202000707, '2'),
	('04c89134-4d1d-403f-891a-56d3ed796f56', 0.12, 240, 202000781, '2'),
	('04d6ae2b-b7b9-408c-9b6f-0639f24c2aec', 0.12, 360, 202000769, '2'),
	('04d8827b-5524-4d1f-894f-2edfed21020b', 0.13, 60, 202000810, '2'),
	('05121dcf-590d-4f6e-b42b-747959f5d6f9', 0.135, 180, 202001117, '5'),
	('051b2706-8454-4fcf-a21b-544333db1a5a', 0.135, 540, 202001026, '5'),
	('05276147-953b-485d-9953-cb6c0eb87948', 0.12, 720, 202001017, '2'),
	('054c28f3-bf76-4b2e-9bbe-f0f1745d1461', 0.13, 120, 202000516, '2'),
	('0556fff7-9a21-48dc-8443-3bc2b38c61c7', 0.14, 250, 202000427, '5'),
	('055de48b-2fa6-44e8-898d-664b64853160', 0.13, 250, 202000359, '5'),
	('057f0c61-843a-4728-9062-97555b498dfd', 0.13, 120, 202000469, '2'),
	('05863bdc-9f32-4533-ae06-1b14f58f5f5b', 0.12, 540, 202000671, '2'),
	('05c42d5f-8f6e-4ae1-9336-635382ec9903', 0.095, 2880, 202000652, '3'),
	('060b72f4-fb45-47c7-9564-84f1d52abbdf', 0.095, 1080, 202000213, '3'),
	('060f3e58-433d-4531-b168-af2aa1942184', 0.13, 90, 202001070, '2'),
	('061f7bc3-40c8-4a9f-9908-d7bc965f278b', 0.13, 180, 202000632, '2'),
	('06c23f1b-3499-4818-9b73-3f231b377afa', 0.12, 180, 202000207, '2'),
	('06d9f100-6b7f-40fe-8506-3056a68b51b2', 0.14, 100, 202000623, '5'),
	('07213bdb-97d7-49cd-94dd-d574c7431182', 0.13, 90, 202000488, '2'),
	('0764a63a-2cd5-448b-909d-56601810844b', 0.13, 180, 202001149, '2'),
	('07856c1b-453d-446f-a32c-c6268cb6875c', 0.13, 120, 202000648, '2'),
	('08487f8d-c89f-429a-ad9e-e32f10d682e3', 4.1, 40, 202000170, '7'),
	('08c48c2a-6913-4eb3-bb68-e655f0eeeafc', 0.13, 240, 202000771, '2'),
	('09064a4f-9465-4f2a-8181-003b396818f7', 0.14, 40, 202000471, '5'),
	('09234b8d-2cb3-49b5-a449-f98cdecd8033', 0.13, 90, 202000419, '2'),
	('098ef8c2-64aa-45e7-abb9-f8ebbb31ec67', 0.13, 360, 202000561, '2'),
	('09964bf8-b035-4091-9546-83b20e420e91', 0.12, 360, 202000075, '2'),
	('09cf1f56-6bcc-4353-94a6-310a7f8f1260', 0.14, 240, 202000309, '1'),
	('0a475e45-4031-4d42-9533-30dbbac2112f', 0.13, 360, 202000344, '2'),
	('0a4fe270-1064-4c31-83fc-cb46de7c4456', 0.13, 120, 202000490, '2'),
	('0a6e3f3d-3dae-4939-87a7-be3df7cc4185', 0.14, 100, 202000977, '5'),
	('0a94b4b4-173c-40a8-aa40-ddea7ceb9442', 0.13, 360, 202001110, '2'),
	('0a994730-2b31-4467-9825-fae1eaf94d93', 0.14, 360, 202000933, '2'),
	('0ab27305-346c-429c-b70f-6b15c8f3ccb8', 0.14, 150, 202000833, '5'),
	('0adfa232-ed16-4d1a-a706-9709ff3b8b71', 0.13, 60, 202000585, '2'),
	('0b36f67b-67e1-448a-ae7b-4237151cac91', 0.14, 84, 202000833, '6'),
	('0b37009f-2e2e-4afe-b9a2-86b99cf44d35', 3.75, 78, 202000168, '7'),
	('0b4e82f3-51d1-475c-be89-dc8b4be7b979', 0.13, 100, 202000984, '5'),
	('0b6d0a21-fa95-44d7-a097-01d040d7d26b', 0.14, 360, 202000116, '6'),
	('0bdc2c77-e012-4deb-9509-276831cd1421', 0.13, 360, 202000599, '5'),
	('0be80306-6372-4d5a-8a29-a53950b1239a', 0.095, 1080, 202000649, '3'),
	('0c0fa143-8908-43b5-adfc-3767ebf27fab', 0.13, 720, 202000970, '5'),
	('0c1564ad-abdf-4f9e-80f1-f89a501cae68', 0.13, 120, 202001103, '2'),
	('0c53ac97-d7b5-4595-8971-4b6f46f2ce76', 0.14, 120, 202000952, '6'),
	('0c7ab241-3d6f-4c21-90b0-fca1407ae3c4', 0.14, 80, 202000272, '5'),
	('0c9f9b97-c256-450f-8039-2496d380a9fa', 0.13, 180, 202000444, '2'),
	('0cb8a9fc-0097-4fc5-9810-300f31a9b6b3', 0.13, 540, 202000720, '5'),
	('0cdadd90-8ea6-4909-8f20-ad31a4b4850f', 0.13, 90, 202001205, '2'),
	('0ce16244-80e8-42f5-8ee9-892078a676fa', 0.13, 120, 202000515, '2'),
	('0cef6361-2692-4b93-ab52-248cb33d4bb0', 0.13, 120, 202000717, '2'),
	('0d18abff-14da-4e05-85d7-517fcaa355c3', 0.135, 350, 202000202, '5'),
	('0d197686-e4bb-4e8c-ad6d-6900294bd84a', 0.12, 270, 202001071, '2'),
	('0d2b9e71-ec57-4a88-87cb-7df878d1804d', 3.75, 10, 202000314, 'c4a16657-8368-4d14-9330-1b0c903c0ba2'),
	('0d62c121-d821-49e0-b5fe-a4c7cd0dd285', 0.135, 1070, 202000811, '5'),
	('0dd1b800-7ff5-4d1c-b7d8-c8991950d0c2', 0.135, 1800, 202000965, '5'),
	('0ded7405-5572-4d82-b86c-0865feb82b60', 0.12, 360, 202000008, '2'),
	('0e0d5beb-9166-4f5b-84a5-13e836125a0e', 0.105, 1800, 202000236, '3'),
	('0e316995-944e-4db1-bc31-ab7d74c28523', 0.13, 240, 202000903, '2'),
	('0e8628f9-f3a7-432a-9b49-d64b5c06fd6a', 0.12, 90, 202000381, '2'),
	('0ea12b87-0cdb-4aac-94de-dac9a0165551', 0.13, 120, 202000743, '2'),
	('0f0dc065-feed-4005-b407-c7e556e25344', 0.13, 60, 202001200, '2'),
	('0f617cc4-239f-4a8f-8a04-bc9d1b350703', 0.14, 80, 202000499, '1'),
	('0fa9cacd-7144-4a46-a1c8-7bf0919f07a0', 0.13, 120, 202000651, '2'),
	('0fd356f0-d06e-46dd-9f14-7081414c7653', 0.13, 120, 202000319, '2'),
	('0fd9e8f2-7c43-4c06-a920-d93a111d73e3', 0.13, 340, 202000856, '5'),
	('1024c50b-8ab3-4a70-b531-2a94481b1da4', 0.13, 180, 202001175, '2'),
	('102dfe6f-0ff7-4098-b14c-6cd3da439927', 0.14, 210, 202001158, '5'),
	('1046342e-7f8b-49ca-bc86-e646cb8b6f65', 0.14, 30, 202000728, '5'),
	('105c1e9c-f81c-433a-99fe-8bce76eecad2', 0.12, 360, 202000697, '2'),
	('10a9061a-c098-48d2-bf46-50c22e9d60b3', 0.105, 3240, 202000220, '3'),
	('10d26c89-2138-4574-855a-ed9a2f9d4f86', 0.14, 80, 202001009, '1'),
	('1121fb84-c3cd-4df1-bdcb-c1d970f4abec', 3.75, 50, 202000312, 'c4a16657-8368-4d14-9330-1b0c903c0ba2'),
	('112bf66c-bedb-4ff8-a123-f1781071bce0', 0.13, 120, 202000692, '2'),
	('115b06c7-aaa4-41db-934e-c0d1f94c93bb', 0.13, 30, 202000695, '2'),
	('115fc03c-dbcb-480f-a9f0-04a9b2faa1dd', 0.14, 72, 202000482, '6'),
	('116f801a-55ff-4643-9503-b5d288831d22', 0.13, 240, 202000227, '2'),
	('11817c1b-5ccf-4776-950e-cb5227a508ac', 0.14, 100, 202000495, '1'),
	('11845140-f09e-447e-8fa8-37165105dbe1', 0.14, 84, 202000402, '6'),
	('11ba881c-3c61-4a83-ad25-7be1d43870bc', 0.13, 150, 202000143, '2'),
	('11e28e61-d30c-44a8-958c-aa42d6b2411d', 0.135, 360, 202000062, '5'),
	('12172b35-e24e-487a-bc60-fea17ab164b3', 0.13, 240, 202000738, '2'),
	('121beb28-6948-4aa7-b88e-b941bb6c453a', 0.13, 150, 202001042, '2'),
	('1238adbc-4fa1-4914-a26f-a880b56e58bb', 0.13, 120, 202000224, '2'),
	('12621f41-b87f-4af4-8991-e293392f6054', 0.095, 1080, 202000739, '3'),
	('12dccd31-582c-4594-920f-4af7fff36752', 0.095, 3240, 202000797, '3'),
	('12f726ed-692d-491f-a6e3-bd7c9f0b79a9', 0.135, 200, 202000804, '5'),
	('1304b285-85f9-4d88-8481-dc368a5f242e', 0.095, 7200, 202000250, '3'),
	('13386704-a7fa-4b0c-b641-08797c08d8f2', 0.13, 90, 202000550, '2'),
	('1392ccb7-8dbd-498e-b93e-5c2a20608e79', 0.14, 100, 202000715, '5'),
	('1420f056-8483-482d-9da6-d51358f700b0', 0.14, 42, 202000947, '6'),
	('142f8a50-a3d4-49aa-9153-ebae1a066b50', 0.14, 240, 202000940, '1'),
	('144fc649-66f8-4ee0-89d9-87161c0ef1dc', 0.14, 360, 202000268, 'cbcb9728-762d-4632-9947-dd3e8652779c'),
	('145bf45c-0885-49cc-b73c-1fcafcd61f62', 0.14, 180, 202001035, '6'),
	('1486eed1-8eeb-479b-b5fe-cb8fd0c10e25', 0.13, 150, 202000823, '2'),
	('14929824-dfd9-4e23-8ac1-c05ff1b041c2', 0.13, 150, 202000897, '2'),
	('14aac5a4-46ff-49a4-bb83-2831070c1dec', 0.13, 360, 202000709, '5'),
	('14c9dec9-32cd-4cee-ab5b-076c076e6ef3', 0.12, 720, 202000138, '2'),
	('14e3f402-dfd7-4e85-a65b-61904efd8fc5', 0.13, 720, 202000218, '2'),
	('14f938cd-18cc-448c-bfec-6575a4cd16c8', 0.13, 180, 202000446, '2'),
	('150ee83b-3d02-4218-bb42-5764f7ff777d', 0.135, 180, 202000136, '6'),
	('1542b67b-19da-4dac-a066-a4d12184ea1b', 0.135, 1430, 202001037, '5'),
	('15594e96-ca86-4acd-8084-25eb81a0d549', 0.12, 240, 202000532, '2'),
	('157c342d-6b78-4aae-82e5-538c662070f0', 0.12, 120, 202000900, '2'),
	('158cd496-9aa7-484c-8928-266ea84756ee', 0.135, 1440, 202000305, '5'),
	('1594247c-1364-4f78-aab4-4cac33667c2f', 0.135, 200, 202000930, '5'),
	('15c3931f-6f7a-4dde-9fd7-0dd0b2d0460e', 0.13, 120, 202000484, '2'),
	('15c7a619-e960-4172-91cd-9ea33c83a790', 0.13, 180, 202001061, '2'),
	('15fc2763-0ae3-4b4c-ad1c-a60dfa05c72b', 0.12, 240, 202001166, '2'),
	('15fe7c0b-6001-4dc7-8007-f4df6900e15b', 0.135, 144, 202001124, '6'),
	('16421645-cbc4-4253-9a77-d3e16974711f', 0.095, 7200, 202000155, '3'),
	('164414ac-a933-4d6e-81dd-c2797eb18fc8', 0.13, 90, 202000691, '2'),
	('1690188b-3839-4be8-82f6-2d00544d1f00', 0.14, 240, 202000758, '1'),
	('16db159a-a687-4eac-9da7-114fa0c7f42e', 0.135, 120, 202000183, '6'),
	('1741d82d-2858-4cbe-bfe9-448942caffa8', 0.12, 720, 202000827, '2'),
	('179512f3-548f-433e-983e-bb6e9e4a7f69', 0.13, 60, 202000165, '2'),
	('179b77a6-47ff-48ad-9ab3-0d4d5185bcbd', 0.13, 400, 202000397, '2'),
	('17b6a5c9-cebc-4895-b611-2e2acddae769', 0.135, 180, 202000667, '5'),
	('17ea956f-79f6-4603-a094-7ba7f810b3c2', 0.14, 84, 202000624, '6'),
	('18625654-28aa-4d96-828c-bfbd4380cf16', 0.13, 90, 202001188, '2'),
	('18767ab2-8f1f-4b9e-9d5f-2d5e665a4ed9', 0.14, 170, 202000308, '5'),
	('188216f8-b0f0-411e-99d2-f752a6097cfe', 0.13, 150, 202000441, '2'),
	('1889ea8a-7ad3-4282-9182-cec9cc080b4b', 0.12, 270, 202000477, '2'),
	('19386512-d979-40e5-ba3c-96b937e4d62a', 0.13, 240, 202001024, '2'),
	('193c3041-b8b6-42d5-b13b-30f4c9eba562', 0.12, 270, 202000474, '2'),
	('19496624-15b1-4f16-9f63-34f94c5e91b8', 0.13, 180, 202000513, '2'),
	('19823e91-7a9b-4dd5-8118-bc81b7115fed', 0.13, 360, 202000357, '5'),
	('19c8ffd9-23e7-4193-8386-51da2a7189c0', 0.11, 1080, 202000233, '3'),
	('19d38840-06f7-4174-bed2-567ccd7f4c1f', 0.13, 320, 202001118, '5'),
	('1a6a2aa3-860a-4acc-9060-ea20963862cb', 0.13, 250, 202000461, '5'),
	('1a75019d-a820-4e06-b20e-9e14be398cae', 0.095, 1080, 202000235, '3'),
	('1a964c26-2eca-479e-a004-805fb3a990a6', 0.12, 60, 202001078, '2'),
	('1aa8121b-0c9f-460d-8bde-6c0c08b38577', 0.13, 360, 202000345, '2'),
	('1af269f0-5be1-40d4-aa74-c8bf71dc3ec3', 0.13, 180, 202001164, '2'),
	('1b09fed2-dd0d-41d7-8bc2-8c13c3dd15a5', 0.13, 270, 202000024, '2'),
	('1b0b3309-f1cc-4fa7-909d-2f187afacd57', 0.095, 3600, 202000182, '3'),
	('1b2afb98-9fcf-41c0-a3f4-c699a693dd10', 0.13, 120, 202000677, '2'),
	('1bdcf5e2-b0cd-4be2-8a40-647e0d6acc97', 0.13, 180, 202000445, '2'),
	('1bfe7cbf-3f15-4cdd-b3fe-cd322d9b6515', 0.13, 360, 202000382, '2'),
	('1c02a522-f851-4956-9fc6-07cf7314385e', 0.13, 90, 202000083, '2'),
	('1c08309d-e8f5-4c23-85fe-5bf49d4e812a', 0.11, 1080, 202000749, '3'),
	('1c2c4987-d22e-47df-bdff-bf38d610254f', 0.13, 60, 202000719, '2'),
	('1c53b91d-e951-44a7-9a0e-4f40fe5d96c5', 0.13, 80, 202000580, '5'),
	('1c74b686-4ccd-47b2-a867-a1b62525ad18', 0.135, 360, 202000676, '5'),
	('1c8c02de-4383-4635-9d61-7d59deb2e048', 4.3, 10, 202000335, '7'),
	('1cd5bd7f-f161-4ae5-9434-b04d6323f9e7', 0.12, 300, 202000450, '2'),
	('1cec9dc1-1751-4588-815e-8d70bc82bd3b', 0.13, 180, 202001183, '2'),
	('1d408acd-cdbd-4b82-b084-126c6f19d79b', 0.13, 240, 202000547, '2'),
	('1d4ba040-fcab-4838-89ae-a599e261cfaf', 0.13, 480, 202000338, '2'),
	('1d7bbc6b-76f2-4f71-a21d-66ac7649260f', 0.13, 240, 202000885, '2'),
	('1dbe712e-a086-43d4-b19e-b202a87a3c96', 0.13, 120, 202000876, '2'),
	('1e6d1f00-5c93-4f42-99c8-fc55fe9c0b0a', 0.135, 1440, 202000862, '5'),
	('1e98ec10-7b44-4a17-8995-a58b55151f7d', 0.135, 360, 202000064, '5'),
	('1ee2b8e7-da90-42b9-aafa-a2829901288d', 0.13, 150, 202001001, '2'),
	('1eea1dbe-846b-46c5-8b40-8fe4a3f80cb2', 0.135, 1980, 202000131, '5'),
	('1eef2c3d-a347-4478-af21-147642954ca7', 0.13, 60, 202000591, '2'),
	('1f0e988e-159d-4fba-b695-8ef1eb6bc8c9', 3.75, 300, 202000312, '7'),
	('1f1ea6e3-1cac-4e7c-af7e-087956c31b5b', 0.135, 710, 202000198, '5'),
	('1f5de042-f72d-469b-b82d-1892bacd01f5', 0.12, 360, 202000958, '2'),
	('1f61f1b5-bc5e-4faf-94ab-4e3e4c87506e', 0.13, 120, 202000520, '2'),
	('1fc6204f-1047-4f07-81fa-0c80f4eecdcf', 3.8, 50, 202000703, '7'),
	('1fdc5c31-ef16-4cda-8d02-afe1e611e255', 0.095, 3600, 202000656, '3'),
	('20836f28-4fef-4003-848f-1015e281de6a', 0.095, 3960, 202000660, '3'),
	('20a425c4-4299-4192-bde6-3973975ee6dd', 0.12, 540, 202000159, '2'),
	('20cbf969-97eb-442a-b6b6-273feda0fef7', 0.12, 360, 202000007, '2'),
	('214bf45f-0677-464c-bd2b-6523a179e739', 0.135, 120, 202000086, '5'),
	('2174ab9e-1060-4039-a2f8-9554d8dfbf19', 0.13, 90, 202000837, '2'),
	('21d37852-d0d4-4682-88cc-6b794c4dd1b3', 0.095, 5400, 202000796, '3'),
	('21fdaaa4-b1a9-4d09-a123-9c9cadea755d', 0.13, 90, 202000588, '2'),
	('2203416b-2924-4964-859c-d02040dbfb14', 0.12, 300, 202000070, '2'),
	('22132d1a-238c-4229-a62d-a5ebc7f1b855', 0.12, 240, 202000877, '2'),
	('2235ca7c-52e6-4f04-b8ce-3bce94c8b754', 0.13, 70, 202000399, '5'),
	('223fb89c-759a-41e5-9d83-131c97ccee1e', 0.13, 210, 202001178, '2'),
	('22448ab8-6001-4c65-a92a-c00a0e65df7b', 0.105, 720, 202000620, '3'),
	('22667f73-f4ff-4a34-8869-94a20f533aaa', 0.14, 80, 202000718, '5'),
	('2267e506-8894-4e11-84cf-907d5be52ec0', 0.135, 350, 202000926, '5'),
	('227c2fd0-733e-4bb4-abd9-793aab96009c', 0.14, 50, 202000362, '5'),
	('22b977d3-fbe1-4ff2-8cad-978f82d0b57f', 0.12, 360, 202000262, '2'),
	('22d29de7-7b0f-4cfd-bfc3-4457ca00cd04', 0.13, 360, 202000945, '2'),
	('22de20c6-b3fd-4bba-ba4f-523dd90bad62', 0.13, 120, 202000317, '2'),
	('22f3f2ca-974e-4ebc-a6a3-31184a65fc43', 0.14, 100, 202000686, '1'),
	('22fbe739-0ad6-4037-b705-111c5cca6e11', 0.13, 210, 202000418, '2'),
	('23126533-9031-4eaf-9370-f1214461e68b', 0.135, 144, 202000862, '6'),
	('23157401-8495-4e4d-aaba-cdfca8547330', 0.14, 150, 202000887, '5'),
	('2319a8e9-1931-4d28-8d0e-437889b3b7e6', 0.13, 180, 202000763, '2'),
	('2345582b-165a-4761-9ba2-0689d33f92bf', 0.135, 360, 202000240, '6'),
	('235ada39-0920-4b73-bae3-bd84891affd0', 0.14, 50, 202000361, '5'),
	('2373723f-ed96-415e-a452-4bd847c8b838', 0.12, 360, 202000505, '2'),
	('23868725-4159-4db4-a9be-52597eac4584', 0.13, 120, 202001194, '2'),
	('23a13630-137d-4f3b-aaa6-306a934bd661', 0.13, 90, 202000388, '2'),
	('23b31a81-4ac8-40c3-8a72-61ad48a016ee', 0.14, 100, 202001168, '5'),
	('24039387-1567-4898-8a9e-e9b1bdddbce7', 0.14, 240, 202000429, '5'),
	('243109e6-e964-447a-9ea1-d7bbf5b35678', 0.13, 180, 202000864, '2'),
	('246717fd-0b80-4dc9-b15c-85e6a38a2281', 0.135, 216, 202000813, '6'),
	('247fde4e-ba4e-4516-bb98-8922311945a6', 0.13, 240, 202000434, '2'),
	('24ab68e3-c057-4b9a-b6e9-fd9c9b55d296', 0.13, 90, 202000723, '2'),
	('24c063b0-7bd1-4804-9f1a-6755cb16d759', 0.13, 90, 202000586, '2'),
	('24cbd30c-a446-4ad2-9cc0-be61aeb63e74', 0.13, 120, 202000712, '2'),
	('24d045b7-ad0f-4394-addd-f538845ca5af', 0.095, 4320, 202000039, '3'),
	('250c2f7b-4f82-480c-94d2-a437e3c56b3d', 0.13, 180, 202000828, '2'),
	('25471eee-178e-4d58-8b5d-974d87d2a77a', 0.14, 90, 202000642, '5'),
	('2560dcea-7198-4a64-9865-20ab21e21549', 0.13, 60, 202000311, '2'),
	('256473d8-a36f-48f8-8af4-edc3070814b9', 0.13, 240, 202000234, '2'),
	('2573d2ad-6296-4621-866c-8c8fbcdde059', 0.13, 120, 202000487, '2'),
	('25b25e8d-84ba-4dd5-8a79-956cfe953601', 0.14, 180, 202000808, '6'),
	('25e50940-7797-401e-afb4-9f4264ac6983', 0.12, 360, 202000209, '2'),
	('25e53787-a277-47b9-80c0-17cad5f7b120', 0.105, 1800, 202001099, '3'),
	('25e78e69-0e28-46b3-9b1c-9e37f5cfaa8e', 0.105, 720, 202000110, '3'),
	('25ed2c71-145e-4347-b3f4-7e84ee5783c4', 0.13, 120, 202001187, '2'),
	('262d921b-643f-4692-815a-41e429407f11', 0.14, 60, 202000279, '5'),
	('27078c1c-d7ae-495e-8bad-db824bb4cb22', 0.12, 300, 202000683, '2'),
	('27b642d7-820b-4401-a171-79caba2a04b4', 0.13, 180, 202000307, '2'),
	('282b7f34-0d69-40ba-b520-04976d647a45', 0.13, 150, 202000315, '2'),
	('286b1ee7-df1a-4c4b-b259-2ce509f53a67', 0.13, 360, 202000625, '2'),
	('28d8a812-2c1a-43ad-9c87-f2046c252b0b', 0.14, 100, 202000983, '5'),
	('29d9941f-6315-4579-bbcd-85c7990d0f06', 0.12, 330, 202001154, '2'),
	('29e983ca-1c38-4b7d-88b2-794e711afdc5', 0.12, 180, 202001021, '2'),
	('2a059e29-7747-428b-b2d9-ddc78568bf39', 0.105, 360, 202000752, '3'),
	('2a199a8d-77b4-4e89-8b6d-13b47eaef1ef', 0.13, 300, 202000920, '2'),
	('2a836bf5-3e5f-4e0f-a1c3-02ad2843bf46', 0.13, 90, 202001193, '2'),
	('2aa63609-837f-4759-9916-6a259576a9bf', 0.13, 60, 202000248, '2'),
	('2ac3f0cb-cd40-444c-a2c0-7f21dda28af4', 0.12, 360, 202001051, '2'),
	('2b2425ca-a094-4bb1-8cfc-b35244c0b821', 0.135, 360, 202001038, '6'),
	('2b3d747a-539c-4cf1-84d6-be4d93500834', 0.135, 1440, 202000077, '5'),
	('2b546102-a69c-4b1f-a3ac-f8644ca6d3ce', 0.13, 360, 202001075, '2'),
	('2b77a1e6-7c40-4ea6-8db5-61ac1c7e82ac', 0.12, 360, 202000056, '2'),
	('2c15b65b-d644-47de-ae98-4ca05524e076', 0.14, 120, 202000777, '1'),
	('2c2eaa60-7560-48de-b96b-1157fcd6d6d3', 0.13, 150, 202000327, '2'),
	('2c41912d-99b1-4429-b8d1-37e7d650dedf', 0.13, 540, 202000995, '2'),
	('2c453e2d-89e8-4240-8b25-60cf14007686', 0.13, 150, 202000324, '2'),
	('2c4a5eb4-9577-4e27-b243-e7dc1bb0076f', 0.13, 90, 202000778, '2'),
	('2c64405d-2cdf-4cb7-971f-70622f4c0006', 0.12, 360, 202000188, '2'),
	('2d00325a-98fe-49a5-b71b-23eb2c437df5', 0.14, 30, 202001018, '5'),
	('2d84538b-d780-4c96-a287-7a406c9d5946', 0.13, 90, 202000570, '2'),
	('2e2ae37c-d96c-456e-b68d-829372c11068', 0.12, 150, 202000847, '2'),
	('2e317e4d-377e-4715-b2be-fe1e528899bb', 0.14, 200, 202000636, '5'),
	('2e65cb38-6d23-494f-a616-ac8d442ea963', 0.13, 360, 202000268, '5'),
	('2ebeeb8c-81b6-4df3-af5b-6031d82cea46', 0.135, 72, 202000741, '6'),
	('2ec3eb0b-a7d5-4dd6-9a5a-49f6692885d2', 0.14, 80, 202000440, '5'),
	('2edf5328-752c-465b-b7b3-7f8744455999', 0.12, 180, 202001102, '2'),
	('2f31fed2-de5b-486d-9457-64252b6d38d7', 0.135, 150, 202000088, '5'),
	('2f3ba33c-f7a3-446d-bd2c-b4248434dec6', 0.135, 120, 202000263, '5'),
	('2f7b808e-6a98-4287-bb90-51147121ae71', 0.14, 64, 202000369, '6'),
	('2f811725-3999-4cc1-a538-a97aedb3b72a', 0.13, 120, 202000413, '2'),
	('2f8707fd-eeec-4094-94df-e4a65a120606', 0.135, 350, 202000135, '5'),
	('2fbb340f-929e-4501-99e1-5ac031bf5972', 0.14, 90, 202000726, '6'),
	('2fc7341f-fc04-4280-9385-be6155d6e720', 0.135, 360, 202000939, '5'),
	('2fd23fc1-ee47-4b16-947e-45eaed71d8de', 4.5, 650, 202001022, '7'),
	('2fe3f835-bdd1-4f24-9087-463f7c5c5313', 0.135, 720, 202000657, '5'),
	('308a1290-fd00-4484-922b-fffd41c7d392', 0.14, 50, 202000394, '5'),
	('30c68a82-248f-4175-b1fd-304167d2d0eb', 0.13, 360, 202000079, '2'),
	('311d7018-a72f-451b-b0bb-27c8127abe3d', 0.12, 150, 202000377, '2'),
	('31a36170-a560-4644-b581-845faac1b6ab', 0.14, 72, 202000943, '6'),
	('31e10861-f6d7-45e8-bf9f-6ddac10f8bab', 0.12, 300, 202000527, '2'),
	('31ffa390-2109-44a2-b7bd-03f70af52e26', 0.13, 90, 202000775, '2'),
	('32204eaf-afbf-4628-8b05-69b5e399bbee', 0.135, 100, 202000932, '5'),
	('32656191-0fdf-4ed1-95c2-1624b281f715', 0.12, 360, 202000953, '2'),
	('328e0120-7044-47f4-9f10-fb1e1aace78a', 0.13, 150, 202000321, '2'),
	('3292f5a4-0fd2-4bac-9f33-6fd7a5e25561', 0.12, 360, 202000283, '2'),
	('32aed4e4-6809-4aad-93e6-8f4d07b99b58', 0.13, 720, 202001096, '2'),
	('32b6fcb1-a4c8-404d-8e23-0ad5ef5ac317', 0.12, 300, 202000964, '2'),
	('331b426e-7777-4b1a-90ee-d9368d169b9a', 0.12, 630, 202000217, '2'),
	('33867ba2-6e5e-4387-9f26-b2fb2c70e356', 0.135, 720, 202000937, '5'),
	('33c10bf9-6258-4529-a053-2ce0ed56d236', 0.13, 150, 202000219, '2'),
	('33c702b8-2c32-40df-9b9d-c670d9f5529b', 0.13, 90, 202000316, '2'),
	('33d299a7-f21b-4cb0-a3a2-d10f88d26359', 0.13, 120, 202001069, '2'),
	('340bc86e-190b-4f0f-808b-9b10c7c9281d', 0.13, 150, 202000774, '2'),
	('346fb472-aa0f-414d-b07e-e5c50cc0f2cf', 0.135, 360, 202000254, '5'),
	('34a45793-e86a-4120-9a2c-47c4bd3d1706', 0.13, 90, 202000002, '2'),
	('34e3fcbe-c80d-4b55-8006-eec1373f8170', 0.12, 360, 202000835, '2'),
	('350738df-a5ae-4681-acbf-93e9929ecaed', 0.13, 1080, 202001020, '5'),
	('35994e92-381c-4ecc-b86b-4da8a8b2de04', 0.105, 2520, 202000032, '3'),
	('35bd1306-7118-4e38-909f-525a493badce', 0.135, 1800, 202001107, '5'),
	('35c09443-ab6d-4b6b-8ba6-3dc2cd2f58f2', 4.1, 35, 202000332, '7'),
	('35fe1a99-e3e4-4241-b184-a0c18e938960', 0.12, 360, 202000255, '2'),
	('36201fb7-630f-40d9-92eb-ec9d3a1db19f', 0.13, 150, 202000918, '2'),
	('3630d0e4-1609-4c9f-964f-186196108e45', 0.13, 90, 202001202, '2'),
	('36d06b96-3a36-4128-ab43-a9a68d4e647b', 0.13, 270, 202000766, '2'),
	('36f1e705-f8b9-4e50-8c52-01d8deaa4761', 0.13, 180, 202000058, '2'),
	('37343091-ead8-4417-bb4a-fb8dcfbdcae3', 0.12, 240, 202000473, '2'),
	('373e59db-2473-4141-9d12-6669d28fef18', 0.105, 1800, 202000177, '3'),
	('3770e4f7-fb21-4233-a317-bcd777844746', 0.13, 60, 202000579, '2'),
	('37b9d11b-8cbe-4747-aa44-661977051337', 0.13, 180, 202001068, '2'),
	('384f0d15-b737-4ece-8509-ce2100696a28', 0.12, 360, 202000529, '2'),
	('385c0cc1-92b1-4c5f-bbd3-702b7f700a5e', 0.14, 60, 202000004, '5'),
	('38772b66-1b32-4e07-b795-1f81c8f67568', 0.14, 140, 202000978, '5'),
	('38849fe5-095a-4c8c-b32e-99670189cb48', 0.13, 360, 202000108, '2'),
	('38b00dfe-4e38-4f5e-a33e-336a465804b9', 0.13, 360, 202001030, '2'),
	('38bd9fcb-80e5-41e6-bffb-9110636cfca2', 0.135, 200, 202000192, '5'),
	('38c379cf-05e6-4771-aab4-a3e77c215611', 0.135, 540, 202000814, '5'),
	('3919508d-5269-4dad-910a-efcc9466fac6', 0.13, 360, 202000512, '2'),
	('391d60f6-af3a-4762-affa-7e9d6b4fd3ca', 0.135, 360, 202001123, '6'),
	('39241308-9180-4322-8094-966956851ea2', 0.13, 720, 202000602, '5'),
	('3977b0aa-e730-4bb1-96f3-cd472202ce91', 0.14, 170, 202000866, '5'),
	('398441dd-2619-491d-9e4a-9d5760d7aaa3', 0.14, 100, 202000624, '5'),
	('39d348e5-1a0c-40a7-90ab-b45f7bbe6a2b', 0.12, 300, 202000530, '2'),
	('39e446ca-1d84-4638-ae71-6e099a743fe7', 0.12, 90, 202001064, '2'),
	('3a0ed440-1abf-490a-b0b9-e41dd127ff86', 0.13, 150, 202001040, '2'),
	('3a4bdfb0-1feb-4eaf-87ca-a978975c7d18', 0.14, 24, 202000698, '6'),
	('3a5b8054-3fef-4529-aed4-6507f0d1d46e', 0.13, 120, 202000548, '2'),
	('3bc697c4-a9e3-47df-9e6d-10b5dabe62c3', 0.105, 1080, 202000788, '3'),
	('3bce3d70-61d9-4653-aa40-81097a37255b', 0.135, 84, 202000050, '6'),
	('3bddc487-c31e-4bb0-bf04-71c36e8bf9c4', 0.12, 180, 202000706, '2'),
	('3be8d9b4-b637-4c90-bbb5-dbf34f16299b', 0.13, 420, 202000916, '2'),
	('3bee8638-434b-489e-876d-a3f09ae4154b', 0.13, 60, 202000679, '2'),
	('3c06f887-c86f-4970-8433-10b28e2e40b7', 0.13, 120, 202000468, '2'),
	('3c07f28e-c00d-4719-b264-fe987e45b5ab', 0.095, 4320, 202000929, '3'),
	('3c4d0eb6-b345-4395-9c8e-2b9c6e383e9b', 0.14, 100, 202000621, '5'),
	('3c6e21dd-67f9-45ce-82fb-6db5c0f5fab7', 0.135, 108, 202000241, '6'),
	('3cf6c0eb-d6b2-476c-aae0-52837dab22dd', 0.13, 90, 202000536, '2'),
	('3cf865dc-d2ac-489e-aa95-9cd8f7ece625', 0.12, 60, 202000819, '2'),
	('3dcefc1a-e51e-4381-9690-d227475fe67f', 0.11, 1080, 202001113, '3'),
	('3e3846e3-71a5-42a0-a219-86b9d9a78491', 0.13, 180, 202000408, '2'),
	('3e3943aa-1017-4d46-b15c-81fe418197b6', 0.135, 1080, 202000812, '5'),
	('3e7767fd-61bf-47de-a6c4-15bf2609d3c7', 0.13, 120, 202000085, '2'),
	('3efec49f-32c5-4954-b27c-e1cd95edb50e', 0.13, 90, 202000406, '2'),
	('3f563903-8c0c-4ae7-981e-1e291f6156c5', 0.13, 180, 202000016, '2'),
	('3f738b7c-e8a7-43be-9061-bc1a7d7288af', 0.13, 720, 202000600, '5'),
	('3f81fd17-6bb9-473e-8b75-85256dfab0cb', 0.13, 60, 202000672, '2'),
	('3fc9dde1-68b5-4fda-800b-65e29e0e2a46', 0.13, 240, 202000353, '2'),
	('403c57ec-308a-49d6-ba76-1cc25f5966c1', 0.13, 60, 202001057, '2'),
	('403d070f-1cb3-427d-8cd2-eebf6df3d940', 0.095, 1080, 202001089, '3'),
	('404feeb8-9c7a-434c-8f9f-d55fb488a35b', 0.13, 60, 202000372, '2'),
	('40532265-a153-4445-87e7-10e782406922', 0.135, 720, 202001058, '5'),
	('407fe0dd-d5ea-4fad-97a7-7b71452181b8', 0.13, 90, 202000852, '2'),
	('40bce1ea-2f09-47c0-ab51-666083ca963d', 0.14, 180, 202000096, 'cbcb9728-762d-4632-9947-dd3e8652779c'),
	('419e9db0-a9b8-4f67-af7a-62b937f8a68c', 0.12, 330, 202000696, '2'),
	('41a03aa4-49d1-48f1-adb1-6a004bb9337e', 0.13, 60, 202001014, '2'),
	('41f16b3d-f7a4-4a8c-979b-6f77635d0644', 0.135, 360, 202000846, '5'),
	('4213cabf-eeab-420e-bafa-a01492dd1a66', 0.13, 300, 202000584, '2'),
	('426d3b84-bfb0-41d3-af6e-2b431d94e5be', 0.14, 240, 202000152, '1'),
	('4286da5e-4887-427c-a625-d7518a277f49', 0.13, 240, 202000724, '2'),
	('42922482-9591-41c4-ae4b-5f5fad58fd35', 0.135, 720, 202000274, '5'),
	('4302e0cb-7d28-4ac7-80df-fb9f8e2f485a', 0.13, 210, 202000425, '2'),
	('431674c1-d4bd-45d2-9444-bb185664b6d1', 0.095, 4320, 202001088, '3'),
	('431e2cec-6994-4f4d-a4bd-7db0e58eb631', 0.14, 50, 202000610, '5'),
	('431ea23a-7932-4978-bca1-ef362d7f8e23', 0.11, 2340, 202000517, '3'),
	('43200173-693a-49eb-849d-001a7584e3bf', 0.13, 180, 202000601, '5'),
	('4329ddb7-9a79-4dd9-b186-fefc6c752d90', 0.14, 60, 202001094, '5'),
	('4358924b-bf4c-4d3f-8c89-f40fcc69af59', 0.13, 100, 202000464, '5'),
	('439accd2-f183-45de-9760-64b0c902d5fb', 0.13, 30, 202000395, '2'),
	('43bb425c-f96a-429c-872e-1979364bd54f', 0.12, 270, 202000881, '2'),
	('44019a41-07ed-4d04-8973-46b576c3b899', 0.13, 150, 202000463, '5'),
	('442936f7-99a2-485b-8529-d21ea9522a4a', 0.13, 360, 202000558, '2'),
	('443321e1-cedd-456a-bb94-183c4d29ae25', 0.095, 1080, 202000028, '3'),
	('4486d117-3042-4d5d-af99-f9fda1cf200d', 0.13, 180, 202000874, '5'),
	('44d8e7d8-3b6c-47b5-ac6c-5ea954b8e989', 0.13, 360, 202000511, '2'),
	('451382ee-d47a-4444-93fb-e95490a17805', 0.12, 360, 202000844, '2'),
	('4544842b-8a1d-4eae-8aad-daf8a55cf562', 0.14, 720, 202000089, 'cbcb9728-762d-4632-9947-dd3e8652779c'),
	('458cf5b6-d42a-4b25-a108-6d6cbcf301b6', 0.11, 1080, 202000191, '3'),
	('45d1374b-501a-4005-b84c-dfff12e6fa78', 0.14, 150, 202000635, '5'),
	('46054fcd-f666-4e23-be9f-637af98e4574', 0.14, 80, 202000631, '5'),
	('46334fdc-2467-41d8-bc9c-9f8f229edd03', 0.095, 1080, 202000790, '3'),
	('46351129-5db8-4c30-ac5d-372db9ae8f30', 0.11, 1080, 202000853, '3'),
	('4655d131-2774-4837-be5c-1126485bf669', 0.14, 60, 202000621, '6'),
	('465b215b-088c-4037-ab68-a88b9e4a7159', 0.13, 90, 202001077, '2'),
	('4739ac24-d90a-4fb7-aecd-e6abab22420e', 0.13, 720, 202000067, '2'),
	('473a0643-134c-4e04-bea8-4cbae29d7717', 0.13, 360, 202000988, '5'),
	('4743678b-8159-4981-ad8b-dc070030e22b', 0.12, 360, 202001023, '2'),
	('47a352e1-f3b7-4112-9a77-d5ed196e020a', 0.135, 1800, 202001038, '5'),
	('47bafe42-f8df-4f71-9523-9d39db036547', 0.13, 120, 202000416, '2'),
	('47e6e127-75a4-4836-9a54-d5c5dcf3c60d', 3.65, 350, 202000101, 'c4a16657-8368-4d14-9330-1b0c903c0ba2'),
	('47f2c132-157c-4a85-a6cc-9c600f5aad07', 0.13, 720, 202000661, '2'),
	('480379a0-30bf-4eea-8fb9-fcbf75aff996', 0.13, 180, 202000829, '2'),
	('486fd7b2-9100-4ae3-8527-c8a5d7077661', 0.135, 1080, 202000127, '5'),
	('48b15e42-e22d-42de-8307-750f0121f3d4', 0.13, 180, 202000756, '2'),
	('48ec31f2-8691-4832-85de-1eb6d75a61dc', 0.13, 120, 202000291, '2'),
	('490305ca-4c4b-407f-8d45-0423df0c0c5c', 0.135, 360, 202000975, '6'),
	('49284da9-7e56-4ee2-a86d-c150d270e3b1', 0.14, 40, 202000611, '5'),
	('492c0c50-7cf6-477b-89b2-b9b0fba45d1e', 0.135, 360, 202000965, '6'),
	('494cc348-3cee-4eec-a864-fdcedabbe66f', 0.135, 180, 202000201, '6'),
	('4954b531-d836-4eec-99e3-ba69b6716079', 0.11, 1080, 202000299, '3'),
	('496428e8-a083-4890-aa8d-f7dc8cdf1d72', 0.12, 240, 202000732, '2'),
	('49773b70-013a-4b0c-b8ba-9a2110972bc9', 0.13, 120, 202000323, '2'),
	('49f31000-7cd9-4652-b3fe-6d61c6a16b80', 0.12, 720, 202000104, '2'),
	('4a45100a-4c19-4b86-9974-0dd1990eb037', 0.13, 150, 202000638, '2'),
	('4a75fa7a-bbd2-4d3a-bc1f-1e108e302c43', 0.13, 360, 202000269, '2'),
	('4a781610-50c8-48f2-b9ca-047cc86d6d20', 0.13, 180, 202000906, '2'),
	('4a879b9d-e69b-4a1b-b293-fed20404989d', 0.13, 60, 202000577, '2'),
	('4a9bf934-cbdc-4308-bcea-a7d8d7a7929f', 0.13, 60, 202000197, '2'),
	('4aac5536-e9f0-4a91-8a13-5dfa3ac1bd9b', 0.14, 110, 202000764, '5'),
	('4ad7f2fe-dbec-4fd6-b984-dcac464cd324', 0.14, 100, 202000437, '5'),
	('4ad8b005-c087-44d3-ae26-bd8a9169a491', 0.13, 210, 202000542, '2'),
	('4b5eeb00-6f86-4f78-978f-fb06d59744e4', 0.105, 2160, 202000034, '3'),
	('4b62f247-23ac-4518-9f43-d9b80b73469c', 0.14, 100, 202000246, '5'),
	('4b9a0a19-8e02-4318-b961-b9b992e6a80e', 0.14, 150, 202001129, '5'),
	('4bb25724-4fd7-4875-b102-e141988e99c4', 0.13, 60, 202000955, '2'),
	('4bca877e-9756-46c9-baad-d90cd7902174', 0.14, 220, 202000149, '5'),
	('4bde9967-a97d-49bf-bd05-2cce15e17c49', 0.135, 180, 202000204, '5'),
	('4bef77ed-9697-47b5-87a6-785c927a40e8', 0.11, 1080, 202000093, '3'),
	('4c2ee934-3bca-45d2-8686-68e066c1d978', 0.13, 330, 202000352, '2'),
	('4c4ee59d-3a02-4add-aaa5-3e5a2c9ab149', 0.12, 240, 202001134, '2'),
	('4c898313-e8e3-4f58-8ae8-9cfae05b9ec3', 0.12, 720, 202000084, '2'),
	('4ca3cf18-42fb-4fab-97d8-290c74d93e63', 0.14, 250, 202000726, '5'),
	('4cabb70f-42a0-4ccb-9939-c0cdf3f90b18', 0.12, 240, 202000901, '2'),
	('4cf88ba1-aae1-4d6a-a59d-a5a59bedf5eb', 0.13, 120, 202000354, '2'),
	('4cf92c4e-82fb-44af-91b7-267002c099db', 0.12, 360, 202000963, '2'),
	('4d99c15a-e236-4a31-bf1e-acc7a9aa1c7d', 0.12, 300, 202000883, '2'),
	('4dee7a42-1560-4563-88b0-0d2d6e956eaa', 0.12, 720, 202000800, '2'),
	('4e5fee1f-0c3a-4311-aa51-7250954496f9', 0.13, 90, 202000552, '2'),
	('4e744c84-74e0-47f7-92b2-ad22c5a3c802', 0.14, 360, 202000114, '6'),
	('4e9fecb1-a969-4328-b6a6-0cd6e4a0f818', 0.105, 360, 202000302, '3'),
	('4ea74669-bc5f-4ab7-aeef-00c4e8cf7754', 0.13, 150, 202000976, '2'),
	('4f8bf8c8-a600-424a-b16d-887a97043587', 0.12, 120, 202001106, '2'),
	('4fadab22-fd0d-4232-906b-765de0694457', 0.14, 60, 202000426, '6'),
	('4fbea45c-73ae-45b8-9923-7fb7dda2b3b5', 0.135, 360, 202000132, '6'),
	('4fd78d2c-0a2d-48c6-8de0-ffe7133ec83e', 0.13, 360, 202000065, '2'),
	('50344cb1-b4dd-4ad3-a5ed-4351eb79c4cd', 0.13, 240, 202000436, '2'),
	('505edca6-4228-4a37-baf3-50e1d20a91f5', 0.12, 330, 202000251, '2'),
	('5060e180-08b5-4034-9442-d83b206783d6', 0.13, 250, 202001160, '5'),
	('508c5a51-5475-4bb8-9f70-6d23d6e97c3b', 0.13, 150, 202000514, '2'),
	('50ef57df-611e-4613-bf4e-160283012cc3', 0.12, 360, 202000742, '2'),
	('50fd7139-4109-4783-8d8b-9641de0a5574', 0.13, 90, 202000546, '2'),
	('51994b29-536c-4c54-9f86-cbfd745972e3', 0.13, 240, 202000417, '2'),
	('52c71a38-e44f-4c83-8104-0b0d55374e00', 0.13, 360, 202000339, '2'),
	('52e72f3f-5143-4911-9132-e6502214ef71', 0.105, 360, 202000858, '3'),
	('52e954f5-296f-49ec-a901-c4d9d3ce3b1f', 0.12, 360, 202000788, '2'),
	('52ff56ed-1822-47b2-a549-b5b951f4e08d', 0.135, 180, 202000293, '6'),
	('5341e73e-412b-4046-99f3-10fa295188b7', 0.135, 210, 202000135, '6'),
	('5355f99e-ec1f-4c5b-a800-f12f61eba880', 0.14, 40, 202001163, '5'),
	('537b3b63-6278-4cd3-9d05-bd02d098d130', 0.095, 1800, 202000214, '3'),
	('53816497-8aec-4c20-bf90-b5beaebb9a58', 0.13, 150, 202000996, '2'),
	('53a30a8d-88bf-466e-af5b-f86dbec6ab70', 0.14, 80, 202000986, '5'),
	('53b60f2e-c493-4b0a-a5cd-3654e31eb281', 0.13, 120, 202000941, '2'),
	('53c3b3be-516d-4b5b-979e-b3c9a30b60ca', 0.13, 240, 202000559, '2'),
	('53f07c8a-d839-4c0a-b0ea-2d5d20ba2d51', 0.12, 180, 202000821, '2'),
	('53f73726-af36-4966-8de0-f16506a4757c', 0.135, 120, 202000066, '6'),
	('54918976-fd32-4b0f-b74c-125b6c0540c2', 0.13, 120, 202000082, '2'),
	('54ab54f0-7edf-4611-a60f-15844c714c7d', 0.135, 1800, 202000133, '5'),
	('5515f569-3f72-4680-932f-7a6f6212ab29', 0.14, 120, 202000494, '1'),
	('55900c34-8147-4106-819e-c551a3b3f5f6', 0.13, 180, 202001066, '2'),
	('559eda81-4e78-44a2-a078-7e04ffb8b678', 0.135, 360, 202000183, '5'),
	('563700e5-72c3-483e-9192-abf07dc139fa', 3.85, 500, 202000163, '7'),
	('564be83f-a382-4227-9e9f-f042757cb98f', 0.13, 720, 202000799, '2'),
	('565db74b-da80-4200-9007-afe3d011fa5b', 0.135, 360, 202000121, '5'),
	('56dd654e-ef3d-49d7-8c2c-cbc06bd6785a', 0.12, 1080, 202000041, '2'),
	('56fc305c-17c0-47fd-ac34-5842e5c70d57', 0.135, 360, 202000122, '5'),
	('5708bcf1-3599-4307-b4b4-440f71520b01', 0.13, 60, 202000541, '2'),
	('575225dd-91df-4246-be2d-e94226cf6866', 0.13, 720, 202000850, '2'),
	('57ceaaee-e56c-4f77-ae7f-b346a7114f59', 0.105, 1800, 202001025, '3'),
	('5832cc46-52d4-4b40-b882-551c2b30a90b', 0.12, 240, 202000449, '2'),
	('586cf34f-53b4-45f3-85fc-e01144392ce7', 0.135, 96, 202000289, '6'),
	('587b1f06-9adb-4c57-9b33-960d8a13b370', 0.13, 720, 202000747, '2'),
	('58c5a2df-6f66-4380-b80e-7f5137fc76c5', 0.13, 60, 202000592, '2'),
	('58d3e5db-6581-40b5-8695-2df0e23968de', 0.12, 60, 202000378, '2'),
	('59087c90-8e08-42d1-a37e-cd83413f6a0b', 0.12, 360, 202000736, '2'),
	('595a4001-f030-42d4-99ba-abaedf20c092', 0.095, 1080, 202000026, '3'),
	('59ca4575-7bd6-4655-9a70-74218b1a177e', 0.12, 360, 202000043, '2'),
	('5a0a48f7-4097-48c5-a170-eda0729f66eb', 0.095, 9000, 202000258, '3'),
	('5a428720-4c9e-43ed-9135-2030b7be8504', 0.14, 78, 202000431, '6'),
	('5a52de6d-1301-4400-af7f-b3e6d46bf382', 0.13, 240, 202001176, '2'),
	('5acc3167-69d4-4e39-85ad-d3536611c86b', 0.135, 180, 202000754, '6'),
	('5b0718e6-a7ee-4fb6-b2ba-a14adabd24c1', 0.14, 720, 202000855, 'cbcb9728-762d-4632-9947-dd3e8652779c'),
	('5b1fe236-3611-4270-bbae-e73d17c92539', 0.14, 140, 202000632, '5'),
	('5b2818ba-de51-40b6-b49b-6c92775157ec', 0.13, 180, 202000815, '2'),
	('5b2eff4f-a8d9-4244-85d7-e0467195f394', 0.135, 156, 202000938, '6'),
	('5b5485fb-f460-4900-ba8e-0068c2a30011', 0.14, 250, 202000952, '5'),
	('5bc96ed3-7548-41b1-9ef3-5967451d2578', 0.14, 720, 202000300, 'cbcb9728-762d-4632-9947-dd3e8652779c'),
	('5c2028f3-fd22-48af-bbe5-7c6ecbc503df', 0.13, 360, 202000902, '2'),
	('5c5c0b40-e0c0-4a6a-a2a5-f3d6c1680204', 0.14, 100, 202000622, '5'),
	('5c63f79f-1af5-458c-8d19-19b2759d04d4', 0.13, 60, 202000370, '2'),
	('5c86c547-4201-4f22-88b9-72ffe7291ed7', 0.13, 180, 202000443, '2'),
	('5ca6aed6-2394-4d7c-9222-3648007c1dc8', 0.13, 180, 202000544, '2'),
	('5ce18d5d-04a2-4bc6-9810-1d943041508f', 0.13, 30, 202001192, '2'),
	('5d6262f6-69f0-40d2-b0db-b7db4b8bb3f5', 0.12, 360, 202000472, '2'),
	('5d7502f6-0eed-45c7-9dff-84276ee25bd6', 0.14, 100, 202000496, '1'),
	('5db34070-fe63-4ff3-b035-8ed49ff73306', 0.13, 120, 202000845, '2'),
	('5dc941e8-1610-422d-8ba5-6f185edf888e', 0.135, 250, 202000280, '5'),
	('5dd8e371-52eb-49b9-ad97-797ca4bfc0da', 0.095, 1080, 202000922, '3'),
	('5ead5cb8-9421-4249-92a6-d151f1405b5c', 0.13, 360, 202000051, '2'),
	('5efd4387-d863-42ba-9074-632e304c9332', 0.135, 144, 202001049, '6'),
	('5f58df14-8582-4097-9969-66a66330ac75', 0.14, 240, 202000281, '1'),
	('5f91c888-2341-4651-b8f2-006e1dbab942', 0.14, 60, 202000622, '6'),
	('5f9cf880-1c73-4f6b-b8f2-72b4951a2e32', 0.13, 120, 202001168, '2'),
	('5fa0ef83-7b05-4aa8-8fa9-2ea481dcb0ca', 0.13, 180, 202001039, '2'),
	('60066a2b-60a1-4147-8586-ed8a97933df5', 0.13, 180, 202000595, '5'),
	('602261ee-3749-472f-8193-4b3fdeed3d0c', 0.13, 240, 202000435, '2'),
	('60947315-7be9-4f8c-a241-534e216552bb', 0.13, 240, 202000351, '2'),
	('609be4a2-96fd-4ae7-a82f-c30dc9512491', 0.13, 60, 202000161, '2'),
	('60dd58bb-1b64-4dae-9712-9e31eb9745e9', 0.135, 1800, 202000199, '5'),
	('611e7c30-397d-41ce-88a4-bb99f2ace9f8', 0.12, 480, 202000054, '2'),
	('6128c157-2162-4f20-af5f-c346e4c3b5ea', 0.11, 1080, 202000264, '3'),
	('61392bf8-6b2f-4fa0-9bc0-10957dec057f', 0.135, 340, 202001126, '5'),
	('61a094b5-0bdb-4b6f-b2f2-3d0aaa708a64', 0.13, 90, 202000615, '2'),
	('61ecd4a7-3e75-4c44-92f4-42aba7d930db', 0.13, 360, 202000049, '2'),
	('61ff23ab-64bd-4a2a-a9c7-7e0903de8cdd', 0.12, 360, 202000236, '2'),
	('622b8d5b-ad12-48ba-bdf2-3e7e9c7b8dc8', 0.135, 60, 202000180, '6'),
	('62a44132-8fd4-43cb-adb7-e0c9ae424231', 0.13, 180, 202000785, '2'),
	('62a6dacd-fbe3-4394-a18d-94e2f00937ab', 0.13, 150, 202000535, '2'),
	('62acd283-e26b-486b-a32c-b208a75c4d7b', 0.135, 1080, 202000128, '5'),
	('6315172b-f140-4116-b5dd-1a596a559f3a', 0.13, 210, 202000786, '2'),
	('631e18fe-5a21-4dec-8f7b-09f4f3620804', 0.13, 120, 202000981, '2'),
	('63390563-e71a-41dc-934c-91227a1dfe32', 0.13, 90, 202000492, '2'),
	('63396c92-93f3-43a6-8a38-cd6e333cd45d', 0.14, 200, 202000637, '5'),
	('6374fe13-2f23-4043-a974-830a984f5431', 0.12, 360, 202000967, '2'),
	('638ecd8f-d6dd-4ee7-b84a-00bfcc9fc524', 0.12, 240, 202000074, '2'),
	('63b1d853-9381-4c94-8ae4-2eddae6ffb7d', 0.105, 1800, 202000031, '3'),
	('63cd6a15-575c-42c4-bc06-deeb283deed7', 0.13, 360, 202000668, '2'),
	('63ed531d-70d8-43d3-8946-d873e27be604', 0.14, 110, 202000757, '5'),
	('64133228-aa11-4329-afc8-ed9a26d8511d', 0.13, 180, 202000603, '5'),
	('641c434e-54c5-452e-aad2-64b3f9fac263', 0.13, 60, 202001195, '2'),
	('642a7b23-96e1-488a-9db7-1bb01b867638', 0.13, 180, 202000635, '2'),
	('644ff823-94f9-46ee-827f-59d2d4a20ea7', 0.135, 360, 202000675, '5'),
	('6488cbc2-e049-48c6-a4d6-7faa80df177c', 0.13, 60, 202000713, '2'),
	('64a1b1ea-8c9a-41ef-8cc6-74798441b9d3', 0.13, 360, 202000851, '2'),
	('64a750d3-21ae-4217-a7ae-6c60696cb990', 0.13, 120, 202001062, '2'),
	('64bf1c69-f76f-471b-bd59-90ee62724cb7', 0.13, 210, 202000734, '2'),
	('64d082d4-f907-49c7-9555-a5e6e3a342b6', 0.14, 40, 202000393, '5'),
	('64d4a88f-c778-4b28-b661-1958186a91b9', 0.135, 360, 202000755, '6'),
	('64fc971e-2824-4c01-826d-3db67f0e1df4', 0.12, 240, 202001065, '2'),
	('65346c65-270a-47ca-9ea1-184e56318eb3', 0.14, 240, 202000310, '1'),
	('6588e926-f861-4df2-a01b-32ca2a109585', 0.095, 3600, 202000259, '3'),
	('65b3630d-57f1-4fcd-aebe-07d0fe8358ba', 0.14, 80, 202000252, '5'),
	('65b62db0-a77a-42ef-b1b9-a58c7a6c87a3', 0.13, 90, 202000389, '2'),
	('65c23a91-390c-41a4-af02-550420bdd234', 0.105, 360, 202000618, '3'),
	('662ac87f-9466-4734-9655-8ad4741b3b42', 0.12, 90, 202000760, '2'),
	('66dda0fb-5c4b-4aab-8df5-761e67c67ff8', 0.12, 1440, 202000014, '2'),
	('66ea7e55-c68c-4ce0-8dc9-d35c09170775', 0.13, 720, 202001109, '2'),
	('6704d10d-a3b8-4b2b-9e5d-74615445e674', 0.13, 90, 202000589, '2'),
	('6769af87-5e93-482f-aadc-87fee9262616', 0.13, 360, 202000832, '5'),
	('679505e4-57ff-44d3-b095-9c55c3331ad1', 4, 10, 202000330, '7'),
	('67c5a2b3-af0b-4f7c-a085-325d96a197de', 0.13, 720, 202000597, '5'),
	('67dd016b-50db-4933-aaa9-33bdaa26c9f5', 0.095, 1080, 202000841, '3'),
	('67de8c43-88ec-4ec2-8156-91d32428d85c', 0.105, 720, 202001151, '3'),
	('67fdafdd-06ce-49b3-ba11-137867af64fd', 0.12, 360, 202000708, '2'),
	('68436bac-1c43-4411-a8cb-1bd17a445d1b', 0.095, 4320, 202001092, '3'),
	('686faf4f-a5cf-4bf3-9fca-ba83793f3ae1', 0.095, 1080, 202000787, '3'),
	('687da07a-b95f-4cfb-8dd5-31d31e7af6e8', 0.13, 90, 202000414, '2'),
	('68a74c21-1719-4601-aeb1-de0d1c87599e', 0.14, 80, 202000973, '5'),
	('696ff7cb-0004-4502-8e14-ee1170976e0c', 0.13, 240, 202000285, '2'),
	('6984e614-c84b-40bd-ba66-fd059f1a8a8f', 0.13, 150, 202000764, '2'),
	('69bcd525-7e74-4948-91d0-4a2975c005d8', 0.12, 360, 202001027, '2'),
	('69e37e54-c311-445c-b56d-92a55b6c0824', 0.135, 210, 202001127, '6'),
	('6a361361-a78e-4148-a385-2ee70ad1f5d4', 0.12, 270, 202000452, '2'),
	('6a81b037-11ad-4eeb-83fb-de26e1ca7e53', 0.13, 1080, 202001165, '5'),
	('6a9b9d50-86e9-4a91-b0b5-8a21a3bbab01', 0.13, 360, 202000806, '2'),
	('6abe1bee-1673-4986-8d5e-6aab301f1328', 0.12, 480, 202000809, '2'),
	('6af495b6-1bc2-4c6b-a80b-53b50b1e9f04', 0.13, 360, 202001156, '2'),
	('6b6262b0-b51f-4378-938b-2a9de2bc35c0', 0.13, 120, 202001073, '2'),
	('6b98d6a6-abf3-4356-ade4-cdbe4ab04975', 0.14, 40, 202000871, '5'),
	('6c234eb3-4ebe-4f95-b427-391c036941f0', 0.12, 720, 202000507, '2'),
	('6c4ee710-2054-4dda-9755-de329aff9de4', 0.13, 540, 202000383, '2'),
	('6c73da60-31af-4350-97dd-b4714ef5ec55', 0.13, 150, 202000243, '2'),
	('6c80ac16-017b-4cee-893b-abd397a14b99', 0.13, 360, 202000593, '2'),
	('6c8a0228-7b65-4d3e-8512-25222fdb473b', 0.14, 720, 202000970, 'cbcb9728-762d-4632-9947-dd3e8652779c'),
	('6c8ef8db-e3a6-4dbe-8820-98d0c5aedcca', 0.135, 360, 202000046, '5'),
	('6cd00561-52ef-435c-892c-552e62b12a04', 0.14, 120, 202001072, '1'),
	('6cfe40c8-efe1-4696-92b3-bb33f944bcc3', 0.13, 90, 202000322, '2'),
	('6d02ed2c-b963-4bcc-90e2-ccc2911657c8', 0.12, 360, 202001044, '2'),
	('6d1938ae-5a9e-4e94-8182-54752a37b544', 0.13, 240, 202001043, '2'),
	('6d754487-eabd-46f5-ba7f-c93eebef8fcd', 0.12, 150, 202000525, '2'),
	('6d7e5fcb-c9d3-4f3d-ad9d-e8cfcea06aa0', 0.13, 240, 202000355, '2'),
	('6dc42248-a5af-4956-bf48-658613b82ca6', 0.13, 120, 202000869, '2'),
	('6de3f025-6450-4059-86b2-38cdb4a7bc41', 0.12, 360, 202001100, '2'),
	('6e00a3df-ea44-4506-b83f-ba6825cc3761', 0.12, 540, 202000173, '2'),
	('6e2fe517-ef54-4f3e-aee1-1c4be504754c', 0.13, 150, 202001011, '2'),
	('6e6e278f-ccc1-44fe-9bf0-d09ada9ea479', 0.13, 150, 202001152, '2'),
	('6e94a58a-21dd-4e49-8f10-0171c18064e1', 0.13, 180, 202001177, '2'),
	('6efe0ebe-3213-4183-8bb5-2c1c86d03d66', 0.13, 240, 202000037, '2'),
	('6f04c131-952a-4f6e-af4e-ddfe54e677ec', 0.13, 60, 202001184, '2'),
	('6f18f566-b4ff-4bc5-a0a9-5a00e565eb90', 0.12, 180, 202000919, '2'),
	('6f591fce-c5a5-4eb9-87cb-77002ac76981', 0.13, 360, 202000230, '2'),
	('6fbc08bb-4cc2-48fa-ab00-316adf686bc0', 0.14, 150, 202001161, '5'),
	('6fc2dabe-aa08-430d-8d1b-0543dff6c52d', 0.13, 150, 202000489, '2'),
	('70533456-1c68-4883-8065-b02a0361b0cb', 0.12, 1080, 202000229, '2'),
	('705bdf88-7257-47f8-86a9-151c4584ced5', 0.13, 120, 202000868, '2'),
	('713a4255-22d8-4b42-871b-23f89184848f', 0.14, 150, 202001061, '5'),
	('71dd5256-bb30-4081-919a-f9b8a0df1496', 0.13, 150, 202000950, '2'),
	('71ec7dea-38d9-4a41-9b0f-2cbfffa3757a', 0.13, 250, 202000873, '5'),
	('720174bf-d464-40f3-bcb7-4ef3eb2b03d8', 0.105, 2160, 202000035, '3'),
	('72172b8c-8a90-4290-a230-78face25876b', 0.135, 180, 202000092, '5'),
	('72371f27-e830-40a5-b439-eca8bb88bd0c', 0.13, 360, 202000297, '2'),
	('723c6069-1d45-4cb3-b716-dba4c5cfcb5e', 0.135, 1080, 202000124, '5'),
	('7243a022-3ec8-45ef-8467-ee5c086da13a', 0.11, 720, 202000803, '3'),
	('72acf9b2-9931-4756-bad8-423a766044ff', 0.12, 360, 202000662, '2'),
	('72cfc962-6de9-4d22-9a8e-d2371c7207d4', 0.13, 30, 202000871, '2'),
	('72f13a9d-cdb0-4380-b9ce-145fdd962b3a', 0.13, 180, 202000432, '2'),
	('7342af13-e012-45eb-938b-a7bbba9dc4ab', 0.12, 240, 202000479, '2'),
	('73cc9122-ce69-48ab-9b2b-de59f38221a0', 0.12, 360, 202000685, '2'),
	('73d6c6e7-5f34-4837-996d-1d996d952814', 0.12, 60, 202000380, '2'),
	('73df53ba-9335-4094-8dc7-59f95a6d3920', 0.135, 354, 202000013, '6'),
	('7424967b-e7fa-48f4-acd2-ded9ab61701e', 0.135, 1800, 202000129, '5'),
	('743a6440-9f60-4c5b-a947-54017f60ece9', 0.13, 150, 202000001, '2'),
	('7442bda0-3966-44a3-a39e-9f5abef927b0', 0.13, 120, 202000647, '2'),
	('748d398b-ad3a-47ff-b03b-5e383f59c067', 0.13, 360, 202000689, '2'),
	('749cde95-4e96-40cc-b0a4-29875a924c33', 0.13, 90, 202000566, '2'),
	('74b3185f-9180-4035-b252-e3d44b042c77', 0.135, 1260, 202001124, '5'),
	('74c6bbb2-99a9-498b-b2f7-00cd6e7ad049', 0.13, 720, 202000012, '2'),
	('74d05ebb-32bf-42ff-8e5a-822da7642aaa', 0.13, 1080, 202000261, '2'),
	('74facb30-9b8e-4fd2-96c6-d6678b059332', 0.12, 150, 202000375, '2'),
	('75a8251d-55fc-4a22-8fb4-33aaf9bcf87d', 0.14, 100, 202000884, '5'),
	('75d89459-5337-4b6a-888e-a56ef1644f80', 0.14, 36, 202000641, '6'),
	('75e05627-08ad-4f0c-bc4c-a03612b0d4f6', 0.12, 270, 202000729, '2'),
	('76044bae-b2e2-48a9-83b7-8f4dc3427b43', 0.13, 360, 202001119, '2'),
	('76204673-535e-47e8-bb1d-158f8d5f05a3', 0.135, 60, 202000068, '6'),
	('763114c3-6d17-400a-9dc1-488a907c9dfb', 0.13, 710, 202000210, '5'),
	('764060b4-b13d-4506-acff-1c6aa59f0f44', 0.13, 120, 202001139, '2'),
	('76481047-d695-4beb-8986-5f544a9ee9ca', 0.13, 150, 202000142, '2'),
	('764cca77-6436-4537-999f-77a12c6aa489', 0.14, 150, 202000145, '5'),
	('767531b0-01bb-46ab-bfc3-08fb3f8177e6', 0.12, 360, 202001041, '2'),
	('76ffd75e-6906-4c43-9b9a-6e53c5695668', 0.13, 360, 202000509, '2'),
	('7718e4cc-cd5d-4062-b725-08c9c52369d9', 0.13, 60, 202000524, '2'),
	('771add0d-1c24-4c6d-8365-3662a3207b82', 0.13, 180, 202000716, '2'),
	('7731a09e-300c-41e1-9ab3-728919e0e850', 0.14, 180, 202001055, '6'),
	('77700faf-0e9f-45f0-8a9c-b6cb6ac53811', 0.135, 180, 202000180, '5'),
	('777986e5-1210-4e8c-962a-d15efb928f9e', 0.095, 7200, 202000927, '3'),
	('778be46d-6c6d-4f82-9e13-73d683234b5b', 0.14, 60, 202000641, '5'),
	('77b6d0e4-5dfb-4f82-999b-566a1ed98055', 0.135, 360, 202000122, '6'),
	('77d7f0b8-c8ba-4d49-926d-396a320ff58e', 0.13, 540, 202000349, '2'),
	('77e1f222-452b-4d61-b530-9c20fc6b084e', 0.105, 540, 202000725, '3'),
	('77fcfe77-8abe-4558-b5e7-3eca7a08f3f4', 0.13, 150, 202000543, '2'),
	('781fc7ec-3c36-4cf2-9680-29caf4eebe30', 0.13, 120, 202000404, '2'),
	('782abd6f-ac6c-4759-8ec0-fdc4559066ed', 3.95, 47, 202000244, '7'),
	('78325389-5289-4de4-8ff5-3a87ad9f6970', 0.11, 1080, 202000100, '3'),
	('78543afb-6d57-455e-98b2-d27817bb437e', 0.13, 270, 202000420, '2'),
	('78935537-e879-4479-b6c3-def43b3c547d', 0.12, 360, 202000448, '2'),
	('78aa9e7e-42c3-4acc-a0e1-23026475784a', 0.13, 360, 202000913, '2'),
	('78e8b7d0-3964-4dad-a413-ec08c84efcd4', 0.135, 1800, 202000013, '5'),
	('791e64f1-e5f7-48b2-8645-f4fdf7a94952', 0.13, 120, 202000415, '2'),
	('791f0fe9-72a0-4733-8aff-9d6705f398d8', 0.13, 90, 202000830, '2'),
	('793b596b-fa99-4df4-9c29-18c10e31df26', 0.14, 240, 202000150, '1'),
	('798f9ee9-7d45-4863-b3c4-59f6faeb7beb', 0.135, 360, 202000128, '6'),
	('79bd31b3-b759-42d2-9c4f-e3d9b425f413', 0.13, 1080, 202000966, '2'),
	('79f378c3-e081-4b91-a3ad-098589144f19', 0.095, 3240, 202001087, '3'),
	('7a50e1d8-d200-4ef0-aabb-f034b17aba68', 0.14, 180, 202000935, '6'),
	('7a662c30-00c3-4514-a70a-d8bb78011651', 0.13, 180, 202000553, '2'),
	('7a78d97e-b466-4afc-99ed-2c2e5e4e6d4c', 0.135, 360, 202001047, '5'),
	('7a9d67fa-76ff-4add-aaa9-eb76e650ac15', 0.13, 120, 202000731, '2'),
	('7ab7eadc-78ed-4a3b-a6af-439afebf0906', 3.8, 15, 202000101, '4bd9496c-1552-468f-9497-b184d8eb47b7'),
	('7b0d5c13-00bc-4652-94a5-5d5af9c1f303', 0.095, 1080, 202000176, '3'),
	('7b2c925a-9d89-4e14-9a9d-e53c27620bcc', 0.13, 360, 202000350, '2'),
	('7b37aa06-8545-4e64-8ab2-3041aa7e961f', 0.14, 40, 202000608, '5'),
	('7b3fc541-d1db-4328-a2a0-f8240fe9f677', 0.135, 150, 202000675, '6'),
	('7baaa022-cf69-41a4-9346-b1afd9c99715', 0.13, 360, 202000654, '2'),
	('7bbe5359-07d4-4775-9a41-c2dd3ff0b6cc', 0.135, 216, 202000063, '6'),
	('7be0604c-2942-4e20-b862-bb3c3833621c', 0.14, 240, 202000979, '1'),
	('7bf3d951-4288-43d4-ba5d-c1aa141269cd', 0.13, 240, 202001128, '2'),
	('7c211062-a2f4-4f75-95d5-c3184fec78c7', 0.13, 210, 202001179, '2'),
	('7c48e71a-e36d-4a02-b381-980e948eb0f6', 0.12, 360, 202000646, '2'),
	('7c710328-5fc9-480f-8901-75cbe8ba2c09', 0.12, 720, 202000582, '2'),
	('7c97f8aa-9379-486b-90ed-ebf038c609cb', 0.13, 180, 202000036, '2'),
	('7cfa39b9-2981-4302-aff9-0264b7adf846', 0.14, 90, 202000896, '5'),
	('7d045b54-e98c-4db9-8ebc-c9e2c8732c0d', 0.12, 60, 202000891, '2'),
	('7d206896-0783-4b05-b718-53f4ed8226b7', 0.14, 180, 202000195, '6'),
	('7d2cebd2-765f-40f6-a6dd-cef246ca94da', 0.095, 1080, 202000027, '3'),
	('7d7f97cd-8f51-4f4f-872b-61f1ddc5579f', 0.13, 360, 202000508, '2'),
	('7d7fd618-34de-42b4-80cf-746fab69cd4c', 0.135, 96, 202000843, '6'),
	('7d834e93-6fd0-4135-8a37-c90dbb7d3198', 0.13, 90, 202000174, '2'),
	('7dd38596-46f3-402a-a350-a736a0d4b2a8', 0.095, 3960, 202000794, '3'),
	('7e09e92e-5087-43fe-a416-6be2e58fd6dd', 0.14, 350, 202001118, 'cbcb9728-762d-4632-9947-dd3e8652779c'),
	('7e5a6c1c-945f-42b0-a85d-d0cd487d4191', 0.095, 3600, 202000659, '3'),
	('7ea4e5b4-ec68-4fd0-a8b8-9f47dfffc37a', 0.12, 720, 202000504, '2'),
	('7edcd373-a65c-4328-91f1-470dadcb74c5', 0.14, 354, 202000115, '6'),
	('7eff8a33-7f71-49a4-94f3-760594fd95b3', 0.13, 210, 202001000, '2'),
	('7f047434-a6d4-45f9-93cf-336305c2e2a8', 0.14, 80, 202000640, '5'),
	('7f1c1278-34cf-464d-930b-8f3f66eca8d0', 0.13, 150, 202000612, '2'),
	('7f62a81e-74e1-475f-82aa-94e3762d66d2', 0.135, 1060, 202000755, '5'),
	('7f655824-e08e-4524-aff0-a98d41a0eb9a', 0.105, 720, 202000238, '3'),
	('7f67e873-b44f-4980-ace2-5d45da14f50e', 0.13, 30, 202001191, '2'),
	('7fcf4bc1-1033-4170-8607-005d3acc688b', 0.13, 360, 202000231, '2'),
	('800fd9c6-47db-4edf-bec3-d25f52af7712', 0.12, 120, 202000376, '2'),
	('801e0eeb-0951-43f9-baf7-79c448b73cc3', 0.13, 120, 202000898, '2'),
	('8034b79f-92fc-4a52-8b55-e150345d459f', 0.12, 360, 202000824, '2'),
	('80693698-b626-444d-be43-7b34408fa612', 0.135, 1800, 202001125, '5'),
	('806e04a7-3ab6-458a-b760-7949a290033c', 0.135, 120, 202000931, '5'),
	('8090ee64-d5ca-4bcd-a02c-5c18a39437b8', 0.12, 330, 202000500, '2'),
	('80be15b9-0f45-4daa-80b9-99f2d33d90ce', 0.13, 150, 202000442, '2'),
	('813be7af-7dca-440b-af33-c0427e288d9d', 0.13, 90, 202000961, '2'),
	('81721d7e-ef2f-4cdb-91e0-7ca8cd93d612', 0.13, 30, 202001197, '2'),
	('81ab6222-e4c8-4a84-962b-609500e67015', 0.13, 90, 202000587, '2'),
	('81e18c37-42f7-4171-9fd6-c0b5f8b8da3b', 0.14, 80, 202000497, '1'),
	('81e38881-dfa9-4cd0-a5c5-65f86629bcf1', 0.11, 1440, 202000097, '3'),
	('81f59d8a-5869-4e74-91d9-acea6c3e87a3', 0.135, 360, 202000962, '5'),
	('82745d7a-0355-47e7-b1a9-e747f7270b68', 0.12, 360, 202000031, '2'),
	('82b908e9-4176-4a04-ba8f-2b364b154076', 0.13, 60, 202000006, '2'),
	('83248db9-0479-4d99-8017-fc45d7427d4d', 0.13, 90, 202000909, '2'),
	('8354a4ff-51d7-452d-af6e-1b1a790b5902', 0.14, 100, 202001142, '5'),
	('83782c23-071b-45de-b85d-7017a87ab758', 0.13, 120, 202000990, '2'),
	('838230c2-c16c-46cc-9619-d45a37bda865', 0.13, 180, 202000908, '2'),
	('83b46241-b397-4839-bb60-a6ff0e233dcf', 0.14, 240, 202000867, '1'),
	('84500297-7a6a-446c-ae56-b5b12208e38a', 0.095, 1080, 202001090, '3'),
	('848babee-f7a6-433c-8074-167808d3393b', 0.13, 360, 202000751, '2'),
	('8495f162-4a15-4f2a-85d9-bb0b7fd2f54a', 0.13, 60, 202000629, '2'),
	('84c8490f-821b-4432-a483-69e807072cda', 0.12, 360, 202000892, '2'),
	('852361ad-b6f2-484f-a722-f6d04852c663', 0.135, 360, 202000225, '5'),
	('853bacb4-d37d-4c76-9239-7582cdc4a2ef', 0.13, 720, 202000839, '2'),
	('85428a05-5c6f-4e14-bf79-39763a16d613', 0.095, 1440, 202000791, '3'),
	('857484c2-f953-4bde-8314-4d0d1a66c033', 0.14, 50, 202000699, '5'),
	('85abeb14-e61a-4ca4-9883-df4c5aadb2a3', 0.12, 90, 202001016, '2'),
	('85ac7bea-14e7-4d94-832b-6abdab20d903', 0.13, 720, 202000099, '5'),
	('85b340c8-064a-4c71-9cfa-c862e9fd01ca', 0.14, 40, 202000391, '5'),
	('85beb6ea-aa96-4ce3-ad31-93a14faf0203', 0.13, 250, 202000946, '5'),
	('85dfb085-b64c-4d2a-aad3-426e2223b04b', 0.14, 350, 202000099, 'cbcb9728-762d-4632-9947-dd3e8652779c'),
	('85ff8ffb-2969-401c-bb14-774907177661', 0.13, 720, 202001050, '2'),
	('863b2a10-5b27-408d-afff-59666bb91f2f', 0.14, 60, 202000146, '5'),
	('86566167-063b-4921-9bb3-d1bf6bb846c7', 0.14, 100, 202000392, '5'),
	('866677b5-9fd9-45ba-926f-b625406ab253', 0.13, 360, 202000105, '2'),
	('867fd666-b8ec-4d1e-9617-a2a2a27f6b4f', 0.13, 120, 202000396, '2'),
	('8690a527-f412-423f-94a2-22dc2cce95b4', 0.12, 480, 202000053, '2'),
	('86b2e301-03a8-4bf1-8fcb-f01688f7f6bf', 0.13, 90, 202000486, '2'),
	('86f72dbf-5f70-442a-b1d1-7a03b89ca917', 0.12, 540, 202000196, '2'),
	('87341fd3-5589-4578-97fc-da393cf8b1ac', 0.135, 144, 202000225, '6'),
	('8790f852-0883-4d95-abc8-2e2568490875', 0.13, 1080, 202000762, '5'),
	('87a03fb2-e381-4a36-b02d-715948cb5a72', 0.12, 480, 202000055, '2'),
	('87e3f167-f295-48d2-8cab-57b346fc3c65', 0.12, 210, 202000480, '2'),
	('87ee8334-461d-4754-a833-26bc7f02a8c9', 0.12, 60, 202000680, '2'),
	('884db181-cc10-408a-be0d-3e0bffe26d6f', 0.12, 360, 202000010, '2'),
	('8855ceeb-ef3f-44f0-842b-6f40e6c0d2ba', 0.11, 1080, 202000665, '3'),
	('8895d184-fb0b-4dc6-aae4-8f44edf4d388', 0.14, 200, 202000144, '5'),
	('8896054b-911c-4f03-ab2d-047c0077330c', 0.13, 240, 202000840, '2'),
	('889ba278-be54-4091-bbac-f672f6d3a465', 0.14, 120, 202000705, '5'),
	('88b97c04-ad39-4518-afdb-54413ba43685', 0.095, 9000, 202000184, '3'),
	('8929e370-dae4-4378-b844-43e725743d30', 0.14, 250, 202001015, '5'),
	('89422f96-6a0d-403e-9413-3bd19faf13ef', 0.105, 2160, 202000287, '3'),
	('89e66871-f3f1-4280-9970-bd38488fbb04', 0.13, 720, 202000187, '2'),
	('8a4da9cd-ce5d-4c84-9fd2-cd69252c3254', 0.13, 120, 202000886, '2'),
	('8a58b7ac-1888-431b-96ec-4c5cd437f0f7', 0.135, 180, 202000926, '6'),
	('8a8c6a9a-f9c3-4a4d-a366-2468a8c50c8c', 0.14, 360, 202000098, 'cbcb9728-762d-4632-9947-dd3e8652779c'),
	('8ac8af49-026a-41d3-8436-a71ea6c5c0c1', 0.13, 180, 202000459, '2'),
	('8ad2f672-1d64-42e2-b640-c23bd7de55f0', 0.13, 360, 202000894, '5'),
	('8b33ee46-d692-4cf3-b0e6-30a64339d40b', 0.13, 180, 202000410, '2'),
	('8b7907f5-64dc-4525-9f4e-66c1706470e6', 0.135, 360, 202000063, '5'),
	('8b878fbd-05b0-40ab-8ed4-eaf10ff71ca6', 0.13, 360, 202000052, '2'),
	('8bf3df07-0d39-4ddd-9b87-562f1179949f', 0.105, 2520, 202000030, '3'),
	('8c13a1b1-da18-4bc8-a10b-37c44aaaba06', 0.13, 60, 202001145, '2'),
	('8c2d7a8a-1139-4505-9752-9e759537ed7b', 0.11, 720, 202001032, '3'),
	('8c6d9afe-a52d-4a03-9a37-9205e7a298be', 0.135, 1050, 202000125, '5'),
	('8cb62318-a7b5-4aa5-b67f-7ff2d4451a09', 0.135, 648, 202000306, '6'),
	('8d041f2b-79b6-4651-a49b-b97e55d83749', 0.13, 900, 202000047, '2'),
	('8d295ec9-b0d2-4cdb-9cbe-71911b472ada', 0.13, 150, 202000215, '2'),
	('8d40be54-f0ae-4d47-bfa0-41fac08b1514', 0.135, 1070, 202000848, '5'),
	('8d41dcaa-92fc-4e1e-89cc-6bf83c0f6c64', 0.135, 100, 202000666, '5'),
	('8d462eee-0b79-4f33-9b30-9965d8028137', 0.095, 3600, 202000253, '3'),
	('8dbd4790-cc9e-4c78-a801-a9ea1c250d50', 0.13, 150, 202001076, '2'),
	('8dc3e74f-ebc7-46d4-bcb7-f041cab9bfa5', 3.24, 124, 202000334, '4bd9496c-1552-468f-9497-b184d8eb47b7'),
	('8e12f2cc-a7f8-4982-ae6b-b63b5a751754', 0.13, 150, 202000562, '2'),
	('8e8f13c3-bbfd-44b8-9f79-36f919cc499e', 0.095, 1080, 202000286, '3'),
	('8e94a135-c45a-493d-bffb-9fd10ea11622', 0.13, 60, 202000519, '2'),
	('8ea819b2-db56-400e-9be3-c3eb9e53f6ad', 0.135, 180, 202000200, '6'),
	('8ec1be1a-dbe8-4737-a093-eac87698b735', 0.13, 90, 202000907, '2'),
	('8f14bd60-b32d-4def-8315-701f3917fff4', 0.14, 72, 202000481, '6'),
	('8f492896-bb1e-445f-93d8-681414382d7f', 0.13, 60, 202000565, '2'),
	('8f4f7435-a4b2-4cc5-88ea-4a65dc8fc936', 0.135, 288, 202000811, '6'),
	('8f72657f-a32f-4f32-98a8-b2fcb42f5af7', 0.14, 100, 202001144, '5'),
	('8f85616b-0a8b-4499-9c18-17aaa50f2f0a', 0.13, 180, 202000735, '2'),
	('8fb4c077-accb-4c1a-b834-d2f0e6635613', 0.13, 60, 202000162, '2'),
	('8fb50d8a-ea66-4ce6-9d23-42f0f285b561', 0.14, 240, 202001132, '1'),
	('8fdb2213-52bb-4106-a98a-2118fa9df04b', 0.13, 60, 202000567, '2'),
	('8ff703ca-a7b7-479c-8d2a-9a9aece6a4ba', 0.135, 360, 202000257, '6'),
	('9036dac8-d5ad-424c-8fe5-ff488ee9b86c', 0.135, 360, 202000653, '5'),
	('90463be0-cd0b-47e9-a6a4-ef508d75d550', 0.13, 150, 202000880, '2'),
	('90a1ac66-b172-43b0-89df-9a28b12a3f2c', 0.13, 90, 202000005, '2'),
	('90b3b146-f2a1-4655-9bcc-832789f9e3d2', 0.12, 420, 202000936, '2'),
	('90eadf75-d5fe-4d72-820e-60bc95c846c6', 0.12, 90, 202000942, '2'),
	('91152740-779a-4cea-9542-669809fd0da8', 0.13, 150, 202000216, '2'),
	('911c42a7-ba9e-4e11-893a-a74fd9c6f572', 0.13, 90, 202000386, '2'),
	('91592001-7de5-461f-9eea-f4a19f5e512c', 0.135, 100, 202000816, '5'),
	('918e9942-f563-40fc-a331-be5c344f02f5', 0.12, 360, 202000223, '2'),
	('91cf4cc3-f3e4-448a-8ffe-6098899f26e9', 0.13, 90, 202000890, '2'),
	('91e70008-b3ab-48ec-b623-93d16bfdd646', 0.14, 100, 202000498, '1'),
	('9244836c-ecee-4c57-b496-6399ed2f60cf', 0.13, 200, 202000356, '5'),
	('9259571f-d8f8-4805-a922-c4cec8a9e489', 0.13, 120, 202000057, '2'),
	('929a932d-d98c-4ea7-a394-bf3781135b57', 0.12, 360, 202001083, '2'),
	('92b8baad-0eef-4a90-8cf8-570884631f0e', 0.13, 150, 202000278, '2'),
	('92c58c84-cacf-4807-91b8-91dfb3588654', 0.14, 240, 202000247, '1'),
	('92d10ffe-9ae6-49f8-8343-d219c573c816', 0.135, 330, 202000843, '5'),
	('930d952b-41bd-4798-8549-5738f6a1c99a', 0.14, 72, 202000768, '6'),
	('932b4e31-7e90-471e-9de5-a08464e98846', 0.135, 216, 202000305, '6'),
	('93304f05-ecc4-454c-9333-fe7914f9a4bf', 4.3, 25, 202000336, '7'),
	('9352da5e-f929-4fd0-810d-e8f359cdbb5d', 0.13, 250, 202000684, '5'),
	('93b313b9-0f9f-4738-b636-603ecb1ace8e', 0.14, 72, 202001155, '6'),
	('93ca9cd1-d4da-4b50-81d5-5c77631feeeb', 3.75, 315, 202000168, 'c4a16657-8368-4d14-9330-1b0c903c0ba2'),
	('93ea36fd-d17c-4b43-95a5-6b72b31144fe', 0.135, 360, 202000242, '6'),
	('942e93d9-6ab6-41ee-97c4-dd37e4fd17be', 0.135, 60, 202000048, '6'),
	('94309d48-d11e-4622-b0df-2db746b1b751', 0.13, 700, 202000855, '5'),
	('943e667e-0636-48c6-8959-b7ecc549772d', 0.14, 100, 202000998, '5'),
	('94a8e27f-e3a6-4311-8dae-21f550c29c85', 0.13, 180, 202000409, '2'),
	('94bd760b-52c4-4c40-98be-532afd49f541', 0.13, 180, 202000984, '2'),
	('94f97366-1512-45b6-a560-7cd0daf55490', 0.12, 360, 202000071, '2'),
	('9520b857-6e34-4aab-bf99-c44215b3dbab', 0.135, 1800, 202000745, '5'),
	('9535ffc4-001a-43a3-8a4c-a72f1a4ad3a0', 0.135, 1220, 202000754, '5'),
	('953faec3-cb18-4097-93a2-1eb8b301b98a', 0.14, 100, 202001130, '5'),
	('9555545d-abb2-4bff-b7f1-0182875052bd', 0.13, 360, 202000510, '2'),
	('959ede54-58e3-4861-adee-0a46ee506ebb', 0.135, 720, 202000129, '6'),
	('960eb283-3087-46ea-a64b-3c7fcf1e839a', 0.13, 120, 202000298, '2'),
	('969b445a-55a8-46c7-b938-f47f9f1c1d35', 0.13, 120, 202000282, '2'),
	('96b8d86a-56c7-4c3f-99cf-fa0b56d12ecd', 0.12, 990, 202001108, '2'),
	('96fb12cc-4e5e-45bf-b0e2-3e2515838a10', 0.12, 720, 202000502, '2'),
	('970b4b10-3d67-43ac-ad8c-dbc0b644ac3e', 0.135, 360, 202000289, '5'),
	('971a843e-89cf-481b-9c69-b46818fe835c', 0.12, 360, 202000072, '2'),
	('973ed63a-2a42-4a96-a28e-17b331bbe299', 0.13, 150, 202000560, '2'),
	('9765d4dd-7230-46f6-8ebb-5d38659c6935', 0.13, 90, 202000987, '2'),
	('97ba1f49-101b-43b0-bbe1-94bc109f01ad', 0.14, 50, 202000364, '5'),
	('97bab5c2-f629-4ce9-8759-a4670cdc31d4', 0.13, 120, 202000912, '2'),
	('985ac433-b618-4a6c-a34c-0cb924d150c1', 0.105, 720, 202000807, '3'),
	('98772316-6a0e-441a-ba28-964f1ba19ee5', 0.13, 90, 202000003, '2'),
	('989e49fa-c222-4d2b-b640-4091943c975b', 0.135, 720, 202000257, '5'),
	('98cbfe53-2e58-4886-8453-4b2be56d9fa9', 0.14, 360, 202000090, 'cbcb9728-762d-4632-9947-dd3e8652779c'),
	('98d04fd6-89cf-4c3b-8eeb-506618e08572', 0.13, 120, 202000688, '2'),
	('994c1557-b9e1-4a25-a0dd-db14b4bf8e6f', 0.13, 240, 202000175, '2'),
	('995314f9-ac4c-4da0-b666-6c628fa553ca', 0.13, 250, 202000462, '5'),
	('99bd8851-34e8-4a81-b757-81e2f2bb2e3f', 0.12, 180, 202000784, '2'),
	('99ed6f99-64a9-4345-92cf-5d04855bf6c0', 0.13, 150, 202001169, '2'),
	('99f36151-92ba-439e-bfdb-5a691418fbbc', 0.095, 4320, 202000060, '3'),
	('9a7956b9-bd33-41d0-8be8-5b1b1a21323a', 0.13, 360, 202000080, '2'),
	('9b5f8876-7b92-46cc-831a-285a637fe901', 0.14, 360, 202000805, '2'),
	('9b86d0b1-f8c9-4914-b6fc-336873588a63', 0.12, 360, 202000103, '2'),
	('9bc57107-6488-400d-87bb-62d384a632b4', 0.12, 240, 202000366, '2'),
	('9be07a72-71c6-4e0f-afe1-74c72a1bbbb4', 0.105, 720, 202000194, '3'),
	('9c28ebc3-7181-43b4-924a-27b4864b3fc0', 0.13, 60, 202001203, '2'),
	('9c6a0a4c-816e-4454-a02d-f5d65879b0b2', 0.13, 720, 202000701, '5'),
	('9d38489b-3849-45e7-b744-d54654ba776c', 0.13, 60, 202000206, '2'),
	('9d922dc1-82bc-4451-9372-c16060b71a5d', 0.12, 180, 202000533, '2'),
	('9df16b30-9189-473f-b0ab-49b97b402f0c', 0.135, 1060, 202001059, '5'),
	('9dffb5ba-3528-4a4f-b9fa-01d3cc051204', 0.14, 100, 202000428, '5'),
	('9e202822-1921-4c4e-a94a-4ffc3570ae06', 0.14, 50, 202000609, '5'),
	('9e23c199-b39f-4810-8f3d-e9d0e2812253', 0.13, 240, 202000556, '2'),
	('9e498800-a96e-44f0-9d83-75c523e3f7e8', 0.095, 5040, 202000156, '3'),
	('9e700cb5-99e4-4a32-acf4-67f1df5b52c8', 0.12, 420, 202001180, '2'),
	('9e8752d4-9b85-4975-8bbf-4d7aa3b0b26b', 0.12, 60, 202000607, '2'),
	('9e8b83f7-61b0-4d69-8dcd-2b5b13697f94', 0.14, 70, 202000947, '5'),
	('9f05966d-a821-4a87-a59a-08d1bfdab3e9', 0.12, 120, 202000374, '2'),
	('9f26a024-a119-4ff6-9101-1e69b4a97896', 0.12, 360, 202000655, '2'),
	('9f430c47-8bb5-4571-b536-babcf7882a11', 0.135, 360, 202001104, '5'),
	('9f5994bd-54e6-4e0c-8c9f-d160383bfc4f', 0.13, 300, 202000403, '2'),
	('9f72a651-974f-4ea8-a07a-df76bb7b5c9e', 0.13, 150, 202000457, '2'),
	('9f73bedc-54ab-4dd1-8c03-5b9ca5b27b4f', 0.13, 150, 202001013, '2'),
	('9f8aa88c-c01b-426e-b4d2-0ea28c618d3f', 0.14, 240, 202000153, '1'),
	('9fab0a40-ceb5-4f53-a126-b65cfeed8932', 0.13, 120, 202000748, '2'),
	('9fbedbf7-3fd6-4831-8bf0-05dfe721632f', 0.14, 200, 202000438, '5'),
	('9fc9c4d4-a54e-44e0-bc12-b0b1579c5898', 0.12, 720, 202001010, '2'),
	('9fcd5cf2-59df-4b47-96f0-86d9e3f83981', 0.14, 100, 202000481, '5'),
	('9fde3953-f8a9-44b6-8c58-106e210acad3', 0.135, 360, 202000068, '5'),
	('a00e88c1-c1d5-408d-ba38-7b0e215a63ec', 0.13, 120, 202000466, '5'),
	('a03b3a25-505f-412e-83da-e9201baf2989', 0.105, 720, 202000111, '3'),
	('a0a1b01e-b14c-435f-9ded-51a80a56edd1', 0.11, 1440, 202000968, '3'),
	('a15d3f02-781b-4cb1-86af-aee70ca45e02', 0.13, 80, 202000872, '5'),
	('a18c4d1b-2a70-48a1-8c84-ad6ee08f0192', 0.13, 240, 202000000, '2'),
	('a1c21ccf-dc8d-4682-af0d-9bca1127bccd', 0.135, 100, 202000802, '5'),
	('a1fd9c41-48ed-4ae9-8d42-2d410228ae01', 3.75, 40, 202000314, '7'),
	('a205e884-af96-4fc2-b368-b3496f8eaff1', 0.105, 360, 202000112, '3'),
	('a20a708b-851e-4245-b062-5dfdb466032c', 0.13, 90, 202001210, '2'),
	('a224b9a8-e665-456b-b369-77737caf5dd4', 0.135, 1100, 202000673, '5'),
	('a238585f-8ee2-4158-8d64-b6dced2b0706', 0.135, 120, 202001131, '5'),
	('a24d7c0c-aeff-4801-a87a-2aeeb905f694', 0.14, 360, 202000750, 'cbcb9728-762d-4632-9947-dd3e8652779c'),
	('a2716b3b-cdfb-4379-8b5d-671d1455d757', 0.135, 1800, 202000076, '5'),
	('a2ba8b1a-b4b3-4647-b605-e626717ef7aa', 0.14, 96, 202000401, '6'),
	('a2ec35ea-95ac-4ec2-a335-b807502fa62d', 0.13, 360, 202001002, '2'),
	('a3144632-ba80-4399-ac68-b8b5ae848acb', 0.13, 90, 202000252, '2'),
	('a3156b5b-aad3-4421-85ba-49ca28bacd7a', 0.13, 360, 202000081, '2'),
	('a31cc2e8-f60e-4049-9ad5-b01a65721f3c', 0.14, 40, 202000711, '5'),
	('a343c69f-5177-469e-8a1d-353d1ba4b5ce', 0.12, 1080, 202000294, '2'),
	('a3722a2a-5638-4da5-9d73-3e05db27dd58', 0.135, 530, 202000938, '5'),
	('a378cf86-3865-4588-92eb-1315251e90b6', 0.12, 360, 202000969, '2'),
	('a3fa1105-1dd8-4bcf-9aa3-e90580221d72', 0.14, 300, 202000889, '5'),
	('a436f383-693b-42d0-a2d1-7f6e5cffffc6', 0.13, 120, 202000896, '2'),
	('a445c731-10ed-450c-b537-4a753f19ccb6', 0.135, 80, 202001116, '5'),
	('a46518e8-3da2-4d32-b59d-72288dcaa182', 0.14, 100, 202001135, '5'),
	('a47502fa-11b3-4b13-874f-8fff0f7c0810', 0.12, 240, 202000208, '2'),
	('a47fa826-b1a3-4bb1-8b72-d272be7028fe', 0.13, 90, 202000328, '2'),
	('a494f8b8-2af7-476a-b14e-cd771528f2b3', 0.13, 90, 202000630, '2'),
	('a4ceee6d-e316-43dd-a695-ff0d28db6b3a', 0.12, 360, 202000073, '2'),
	('a51112aa-a773-429b-a8ff-1ccc636b3be7', 0.14, 70, 202001122, '5'),
	('a5409593-871f-41b7-a13a-1eb05067c2fa', 0.105, 2160, 202000740, '3'),
	('a559fc77-78d5-4d2f-91b1-02fd4c72a854', 0.13, 180, 202000820, '2'),
	('a583a4e7-0509-4d2b-ba12-be702f622937', 0.13, 90, 202000578, '2'),
	('a5d15d38-b279-4258-888a-9f60cd80678e', 0.13, 180, 202000899, '2'),
	('a5f6e474-33be-4ea7-b4ed-fc784562752a', 0.13, 60, 202001167, '2'),
	('a64022ab-6780-4207-a980-8907135638e1', 0.14, 50, 202000951, '5'),
	('a67d4da3-54ba-4da1-a488-8eb35f9d6e7a', 0.14, 60, 202001141, '5'),
	('a6840522-b5a0-4036-9323-3887e26b5d70', 0.13, 250, 202001143, '5'),
	('a6afcd1f-edd7-4f33-a305-647696a811d7', 0.13, 330, 202001115, '5'),
	('a7330cf9-7b3e-4eee-9df9-d21f6a907d1d', 0.13, 150, 202000456, '2'),
	('a7875b07-55f6-4c90-9150-e164680c6c3c', 0.13, 720, 202000087, '5'),
	('a8162073-a35d-42c7-a5fd-78afc693db88', 0.135, 360, 202001101, '5'),
	('a8257e01-498c-4fdc-8f6f-c4c5ff9894d2', 0.135, 180, 202000673, '6'),
	('a84287b6-4bc7-4139-afec-1465e5656969', 0.13, 90, 202000537, '2'),
	('a87e0e9d-9d11-4c27-8bef-6bb938cfa760', 4.3, 10, 202000337, '7'),
	('a8cee018-ead8-4801-902a-7995026b1d15', 0.12, 270, 202000478, '2'),
	('a9335b4e-a9e5-49d8-b5a5-d36ab2d3e06e', 0.135, 1080, 202000293, '5'),
	('a9425190-1207-4a2e-a250-8d3fba6d394d', 0.135, 1800, 202000242, '5'),
	('a9b2c763-0a3d-464a-b53b-4b2b4af6e781', 0.135, 360, 202000744, '5'),
	('a9dece2d-eba1-429b-a83a-9392d759971b', 0.12, 360, 202000221, '2'),
	('a9e43c74-5bf0-4ff6-9d3b-613f7ee59525', 0.12, 720, 202001081, '2'),
	('aa3b3643-01d1-40d1-bdf5-c80721627ae0', 0.13, 180, 202000521, '2'),
	('aa446eb1-bc33-4bcc-91ce-46a0fccec125', 0.14, 90, 202000427, '6'),
	('aa4e6aad-035f-484b-b354-19cf7c51c585', 0.13, 240, 202000423, '2'),
	('aa56e567-b965-4593-80f8-50361ec834f9', 0.14, 60, 202000623, '6'),
	('aab08506-84b1-40c6-872f-61afc436ecc1', 0.095, 9000, 202000154, '3'),
	('aaf3c90f-3a91-421c-bfe6-0364bd7e749e', 0.13, 360, 202000857, '2'),
	('ab035217-1b3a-4e80-b1ba-93320f47c702', 0.13, 180, 202000905, '2'),
	('ab7fb0cf-8552-4991-b1ca-8d43b7506502', 0.13, 150, 202001085, '2'),
	('ac115d99-0898-4dae-8d2e-6dc7e046939d', 0.12, 360, 202001048, '2'),
	('ac1a8e38-12c6-4e6a-adff-1499d4498c9f', 0.13, 360, 202000098, '5'),
	('ace9f7b2-b7b8-4285-8973-4e654eb47525', 0.13, 180, 202000411, '2'),
	('aceb859e-0bcb-4632-8d54-36bd3b83f042', 0.13, 50, 202001010, '5'),
	('ada6ed04-31e5-4281-9bfb-9a5826544d52', 0.135, 360, 202001059, '6'),
	('adae09aa-47d9-44fd-a9ef-9a628550b03f', 0.135, 1080, 202000674, '5'),
	('ae049297-d7f9-4d3e-8157-598f1d8c15ca', 0.12, 210, 202000682, '2'),
	('ae228e29-ef36-4b0f-bc0f-9a202ee62a1e', 0.135, 290, 202000137, '5'),
	('ae24ebfb-c919-47db-8811-715b295c0a45', 3.85, 21, 202000166, '7'),
	('ae24ebfb-c919-47db-8811-715b295c0a46', 3.85, 21, 202000166, '7'),
	('ae24ebfb-c919-47db-8811-715b295c0a47', 3.85, 21, 202000166, '7'),
	('ae24ebfb-c919-47db-8811-715b295c0a48', 3.85, 21, 202000166, '7'),
	('ae24ebfb-c919-47db-8811-715b295c0a49', 3.85, 21, 202000166, '7'),
	('ae24ebfb-c919-47db-8811-715b295c0a50', 3.85, 21, 202000166, '7'),
	('ae24ebfb-c919-47db-8811-715b295c0a51', 3.85, 21, 202000166, '7'),
	('ae24ebfb-c919-47db-8811-715b295c0a52', 3.85, 21, 202000166, '7'),
	('ae24ebfb-c919-47db-8811-715b295c0a53', 3.85, 21, 202000166, '7'),
	('ae24ebfb-c919-47db-8811-715b295c0a54', 3.85, 21, 202000166, '7'),
	('ae24ebfb-c919-47db-8811-715b295c0a55', 3.85, 21, 202000166, '7'),
	('ae24ebfb-c919-47db-8811-715b295c0a56', 3.85, 21, 202000166, '7'),
	('ae24ebfb-c919-47db-8811-715b295c0a57', 3.85, 21, 202000166, '7'),
	('ae24ebfb-c919-47db-8811-715b295c0a58', 3.85, 21, 202000166, '7'),
	('ae24ebfb-c919-47db-8811-715b295c0a59', 3.85, 21, 202000166, '7'),
	('ae24ebfb-c919-47db-8811-715b295c0a60', 3.85, 21, 202000166, '7'),
	('ae24ebfb-c919-47db-8811-715b295c0a61', 3.85, 21, 202000166, '7'),
	('ae24ebfb-c919-47db-8811-715b295c0a62', 3.85, 21, 202000166, '7'),
	('ae24ebfb-c919-47db-8811-715b295c0a63', 3.85, 21, 202000166, '7'),
	('ae24ebfb-c919-47db-8811-715b295c0a64', 3.85, 21, 202000166, '7'),
	('ae24ebfb-c919-47db-8811-715b295c0a65', 3.85, 21, 202000166, '7'),
	('ae24ebfb-c919-47db-8811-715b295c0a66', 3.85, 21, 202000166, '7'),
	('ae24ebfb-c919-47db-8811-715b295c0a67', 3.85, 21, 202000166, '7'),
	('ae24ebfb-c919-47db-8811-715b295c0a68', 3.85, 21, 202000166, '7'),
	('ae24ebfb-c919-47db-8811-715b295c0a69', 3.85, 21, 202000166, '7'),
	('ae24ebfb-c919-47db-8811-715b295c0a70', 3.85, 21, 202000166, '7'),
	('ae24ebfb-c919-47db-8811-715b295c0a71', 3.85, 21, 202000166, '7'),
	('ae24ebfb-c919-47db-8811-715b295c0a72', 3.85, 21, 202000166, '7'),
	('ae24ebfb-c919-47db-8811-715b295c0a73', 3.85, 21, 202000166, '7'),
	('ae24ebfb-c919-47db-8811-715b295c0a74', 3.85, 21, 202000166, '7'),
	('ae24ebfb-c919-47db-8811-715b295c0a75', 3.85, 21, 202000166, '7'),
	('ae24ebfb-c919-47db-8811-715b295c0a76', 3.85, 21, 202000166, '7'),
	('ae24ebfb-c919-47db-8811-715b295c0a77', 3.85, 21, 202000166, '7'),
	('ae24ebfb-c919-47db-8811-715b295c0a478', 3.85, 21, 202000166, '7'),
	('ae35e92d-db6f-433c-83c3-e75665964acb', 0.14, 200, 202001181, '1'),
	('ae5b0643-b916-4d1c-85c4-e8c0a58dac76', 0.12, 120, 202000531, '2'),
	('aea011a2-f719-4a64-933e-d6e617a538a5', 0.14, 180, 202000117, '6'),
	('aebb69f6-2698-4de7-bd26-6a70cedd8098', 0.13, 360, 202000342, '2'),
	('af1ff6eb-c2ed-4a77-bd58-90cddfb55f41', 0.135, 120, 202001101, '6'),
	('af8bcb02-73d6-4a9a-98d9-ef7006cee417', 0.12, 720, 202000583, '2'),
	('af9623a6-940a-40d4-89e5-815d03e59fab', 0.12, 360, 202000288, '2'),
	('afa661f9-e545-4a7e-aa81-9ecd9157bad1', 0.135, 360, 202000674, '6'),
	('afd5731a-8886-40ea-9f2c-906392e73dde', 0.12, 720, 202000854, '2'),
	('afe5b40f-5635-4c5a-9dfc-2ced2ec3cfaa', 0.13, 60, 202000573, '2'),
	('b008b1ae-7fe0-4f58-965f-a221bfa8ae63', 0.14, 100, 202000714, '5'),
	('b0986f52-7645-434a-a1f0-dada31799a52', 0.14, 50, 202000948, '5'),
	('b12999ef-f8e6-4f02-a2e0-88f9093728c8', 0.14, 180, 202000971, 'cbcb9728-762d-4632-9947-dd3e8652779c'),
	('b1935aad-72dc-48bb-8229-c4f720d4b374', 0.13, 180, 202000458, '2'),
	('b1a78b15-218a-40b4-8044-23dab21ed2f5', 0.13, 180, 202000343, '2'),
	('b1b6fe23-fd1e-4699-a32a-68dcd9b05d73', 0.13, 120, 202000549, '2'),
	('b1c67bf0-f00b-44b4-973e-4f0bb21a8cdb', 0.095, 3600, 202000928, '3'),
	('b1f17152-f6f7-474c-93e2-a69de392f3a7', 0.13, 90, 202000705, '2'),
	('b23398a9-4e2f-4082-a563-54a6683fab16', 0.12, 60, 202000606, '2'),
	('b27a20fd-30f6-45e5-86d3-fdb96d1ac2fb', 4, 15, 202000166, '4bd9496c-1552-468f-9497-b184d8eb47b7'),
	('b288b026-5445-4398-af45-1e99432e65c0', 0.135, 1080, 202000126, '5'),
	('b3243c4d-a125-48e5-ae31-d667d24a5eb9', 0.095, 2880, 202000033, '3'),
	('b324fb98-6404-4351-b0e1-16304857327b', 0.135, 360, 202000741, '5'),
	('b36d8024-b809-4514-9d82-db08dedf9481', 0.14, 120, 202000911, '1'),
	('b3a3046b-8716-405a-827d-796027052f90', 0.135, 180, 202000267, '5'),
	('b3bbfebd-0513-4b05-997d-2b4caebc5c0b', 0.13, 120, 202000326, '2'),
	('b408a7fd-cd86-4d83-bdee-ffb2a83b155e', 0.095, 2520, 202000185, '3'),
	('b41095b4-dcbe-4ca7-8271-07c1490ffeda', 0.13, 360, 202000598, '5'),
	('b42953d0-910d-4497-8b8b-d4b503f80563', 0.13, 540, 202000346, '2'),
	('b4343669-d849-43b1-beca-4e6bbb55801c', 0.13, 120, 202000320, '2'),
	('b464c499-294d-42d8-a3ed-040a799cf47e', 0.14, 100, 202000644, '5'),
	('b4664b66-4811-4c4d-a0d4-d9f0824d3fcf', 0.135, 60, 202000046, '6'),
	('b4950c3c-1862-4c4c-a8a0-1292f2396787', 0.14, 100, 202000825, '1'),
	('b4b05cce-0cc1-4e82-ac95-45db025e7914', 0.14, 150, 202000439, '5'),
	('b4ca9aca-f0aa-479b-a1be-b5649ba23f39', 0.14, 50, 202000363, '5'),
	('b4f9844e-f1ed-4cc4-81a5-f083a6e3a4b5', 0.14, 84, 202001135, '6'),
	('b5658649-ac53-4ed1-ba17-891afdea3cab', 0.13, 150, 202000564, '2'),
	('b59fa770-b81e-414c-bc7b-0fe3c284a57e', 0.13, 360, 202000730, '2'),
	('b5ab6d4d-c492-40ba-95be-5889b6593365', 0.12, 300, 202000367, '2'),
	('b5f64d64-007b-4c7a-a66a-351386ef65a5', 0.105, 720, 202001034, '3'),
	('b5f8f807-b17d-4005-b9dd-1731977d6f69', 0.13, 360, 202000801, '2'),
	('b68df401-3ae5-4431-b6e3-f4873ddc797e', 0.13, 90, 202000373, '2'),
	('b69546c7-1df0-4cbc-8dcc-137959926082', 0.135, 288, 202000124, '6'),
	('b6c0c06c-b992-412d-b292-adfb4d3c10fc', 0.135, 354, 202000863, '6'),
	('b6c36409-a64f-4630-a393-4bbf4cd22248', 0.12, 1080, 202000021, '2'),
	('b721ec95-072f-401e-9a00-467d74e2d9da', 0.135, 180, 202000222, '5'),
	('b75d22be-ebfd-4fb5-8282-c320e3958dcf', 0.135, 360, 202000276, '5'),
	('b7642f13-647e-4e86-9c78-d082039bfadc', 0.13, 100, 202000398, '5'),
	('b7757838-750b-47f4-894c-677fbfb2167b', 0.135, 1800, 202000306, '5'),
	('b778a2e6-ab2e-42d9-81ad-802aea91c351', 0.13, 60, 202000694, '2'),
	('b7949a72-67c9-47cf-b329-1ec79dea1b62', 0.135, 360, 202000200, '5'),
	('b79ad267-8678-4907-a4e1-43d1b3b68808', 0.13, 150, 202000681, '2'),
	('b7ecff80-3b17-4aea-bc67-3d4d6fdaf1b7', 0.13, 540, 202000348, '2'),
	('b8243f1e-f751-4690-a2af-9707250ebbb7', 0.13, 180, 202001045, '2'),
	('b82a1a9c-4bc1-49b3-8504-3ea2441688f7', 0.11, 1080, 202001052, '3'),
	('b86dbfbd-0477-4847-92ad-1836f10e043b', 0.13, 300, 202000405, '2'),
	('b8c26984-ddf6-466d-a0f7-2f9f0eb239a4', 0.13, 120, 202001031, '2'),
	('b8cc78b5-c8e2-41cd-b8b4-02ba6c73acc6', 0.095, 4320, 202000925, '3'),
	('b8e9adc0-53cb-44ea-8b12-f6300ecca904', 0.14, 40, 202000860, '5'),
	('b8f99eaa-fc4e-46b4-b88b-252e03c38ab6', 0.13, 120, 202000921, '2'),
	('b8fc5ed0-7258-4380-b53f-2b54c076bb3c', 0.13, 60, 202000759, '2'),
	('b9195e73-f707-4f1e-bee0-0f8602af302d', 0.12, 240, 202001150, '2'),
	('b9846a95-cd1e-4895-950d-bca9d2caa0bb', 0.14, 72, 202001173, '6'),
	('b9930641-7737-41cc-ae1f-6aa8c26f9776', 0.12, 180, 202000526, '2'),
	('b9a3d1a0-ec1d-4794-a04b-87ca898411df', 0.13, 90, 202000614, '2'),
	('b9dbdfcf-6a01-4158-b278-2fdde4e84bba', 0.14, 80, 202000629, '5'),
	('ba1d7303-1b96-4082-bd26-f44a07f4c527', 0.135, 174, 202000277, '6'),
	('ba1dea5a-508b-4ba2-a277-1a47d5b48e5f', 0.12, 90, 202000604, '2'),
	('ba8256ec-a423-4dbd-aa1e-dcfeff9d5d94', 3.8, 150, 202000782, '7'),
	('ba8e11a2-a4b5-4608-8567-a8d6afd23062', 0.13, 100, 202000875, '5'),
	('bad790dc-e235-4f41-ad34-f3844fc2cf65', 0.13, 360, 202001159, '2'),
	('baf199df-730b-4bb4-9f18-89a0180e7299', 0.135, 360, 202000134, '5'),
	('bb0ad913-9ef2-4528-b268-18911b1bbd09', 0.13, 90, 202000391, '2'),
	('bb5308c7-f1c9-42e1-bf43-ff3b3ad558dc', 0.12, 240, 202000453, '2'),
	('bc0dc2c0-65ba-445b-aa36-ed7fc5dfdafd', 0.13, 180, 202000878, '2'),
	('bc56dae7-5b60-4187-8dbc-e9e652c1eb1e', 0.13, 360, 202001182, '2'),
	('bcca1629-66e7-4783-9677-e9853fb598ad', 0.13, 180, 202000663, '2'),
	('bd8fa366-ceb4-4c19-b44a-9e4ac297755b', 0.14, 250, 202000634, '5'),
	('bd9e7d00-0568-490b-8487-2cc26c3c7ee8', 0.13, 90, 202001138, '2'),
	('bdaa84ad-8697-48e7-a86a-9c5bd85072be', 0.13, 90, 202000172, '2'),
	('bdabbf34-fa8b-4246-b946-364c283a094b', 0.13, 90, 202001111, '2'),
	('bdc34290-18ec-40f9-9173-dabafc58eb90', 0.13, 120, 202001157, '2'),
	('bdfde9c9-621c-46bb-8525-fadc75b23bc4', 0.095, 4320, 202000157, '3'),
	('be07240b-e454-41a9-931e-d4134ec082c8', 0.13, 710, 202000949, '5'),
	('be362a9b-7a59-4351-b2b4-6aae31063b23', 0.14, 72, 202000429, '6'),
	('be3cb056-f1df-4776-8871-5dc5f78f88b6', 0.13, 30, 202000551, '2'),
	('bec31b64-4936-425c-9907-1ef264891e33', 0.13, 60, 202000980, '2'),
	('bec4a33b-31dc-4535-97cf-7f9a25ef7c42', 0.13, 180, 202000433, '2'),
	('bed3ae9d-b4c8-4e53-a97b-ce1bd2263b6c', 0.13, 720, 202001137, '5'),
	('bf100530-b30a-42c4-9cb6-4ce447b1dba4', 0.13, 720, 202000015, '2'),
	('bf28ffc2-d82a-4d40-a11d-ea6827cc039c', 0.13, 90, 202000141, '2'),
	('bf2ad17b-c5be-40f0-a0b3-51be30ecd589', 0.13, 240, 202000424, '2'),
	('bf3f3ba2-ab6e-4183-9f79-3c9583f633a5', 0.14, 710, 202000210, 'cbcb9728-762d-4632-9947-dd3e8652779c'),
	('bf47c81d-5f4c-4ddc-9680-95fb69be4d4e', 0.13, 180, 202000407, '2'),
	('bf4ebbe8-6848-49b8-857a-89526887a06b', 0.13, 90, 202000569, '2'),
	('bff69ed5-4e1d-48c9-bc50-4a11fd08d824', 0.12, 360, 202000838, '2'),
	('c00ced9a-4a54-4eaf-91f1-17d8f62c2fd3', 0.13, 360, 202000107, '2'),
	('c04f7539-37c4-4b80-80a9-5c1d82fe452b', 0.13, 180, 202000447, '2'),
	('c07ab20d-3a1a-4d92-bf0a-6da491338964', 0.105, 720, 202000879, '3'),
	('c082d53e-ec6b-458e-a62a-46c43f1bf4cf', 0.13, 60, 202000582, '5'),
	('c0bd393d-c4fc-4bc5-b76f-8c6f0fa418ab', 0.135, 1080, 202000241, '5'),
	('c1ada53d-2ab2-4ad6-8adc-087a7ebf3918', 0.105, 720, 202000669, '3'),
	('c1d84b0c-30c4-426f-b0fe-b36c73161cd7', 0.13, 300, 202000020, '2'),
	('c2047e23-c2eb-40f7-a32a-ab1b9784aae2', 0.12, 360, 202001174, '2'),
	('c273c2e9-4f19-4614-ba96-b40003391481', 0.135, 350, 202000240, '5'),
	('c28fd5a9-ca40-41c0-a555-c932e320c780', 0.13, 1080, 202000737, '2'),
	('c2bfd4e6-cc02-42ee-b709-7abe4db7f199', 0.135, 180, 202000664, '5'),
	('c2c36fa4-4164-42a1-a786-9809a4809230', 0.13, 80, 202000717, '5'),
	('c2fda833-7ccb-4eda-b67c-12325f511c7c', 0.135, 180, 202000276, '6'),
	('c3cdfdba-39fa-4b4e-801e-6ce9d5e0f60c', 0.135, 1780, 202000228, '5'),
	('c4042749-1324-4b33-b3ac-f684a471a041', 0.12, 360, 202000296, '2'),
	('c40a68f1-9358-42bd-a72c-334eff449a8d', 0.12, 720, 202000265, '2'),
	('c4ecf00e-b54d-4dff-b350-96e2b2748dca', 0.135, 60, 202001104, '6'),
	('c508f91e-31e2-4fd1-8d2b-41a4e66b3eab', 0.13, 90, 202000491, '2'),
	('c5405e67-80ea-49c7-b999-96eddd9c5248', 0.14, 354, 202000303, '6'),
	('c58a760a-0b61-4578-839d-954a7fb7fcf5', 3.95, 315, 202000704, '4bd9496c-1552-468f-9497-b184d8eb47b7'),
	('c59ebbc7-b559-4c64-a64f-43268857a1dc', 0.135, 360, 202001125, '6'),
	('c5f9966e-9f12-448d-b060-8b4df12bc615', 0.13, 60, 202000205, '2'),
	('c5ff3685-8e0e-4c38-9724-63364584bdff', 0.095, 3600, 202000040, '3'),
	('c61ad9a8-729b-49a4-9e43-bf2f254dcf2c', 0.13, 360, 202000193, '2'),
	('c64b99bf-2796-4bdc-a164-a36ba9d6bd99', 0.135, 360, 202000044, '5'),
	('c6afcb13-0502-4de2-ace5-527978efceea', 0.13, 150, 202000822, '2'),
	('c6ecf3cc-6cf4-42c8-81f3-d7c0d4b41724', 0.13, 540, 202000347, '2'),
	('c717deeb-367a-4e60-93c5-264c82a861d1', 0.14, 330, 202001115, 'cbcb9728-762d-4632-9947-dd3e8652779c'),
	('c743c103-b84d-49c2-b2d8-c3b9c2760ff3', 0.13, 120, 202000467, '5'),
	('c7a498d6-a5d7-49fa-ac6f-78986b83f560', 0.13, 60, 202000273, '2'),
	('c7d1fa42-1a5a-4d1e-89d0-53e4e7de3d47', 0.13, 60, 202000563, '2'),
	('c7f586bc-2b0c-484e-b31b-5d86bb0c1cee', 0.105, 1080, 202000934, '3'),
	('c818c0bf-c276-4d86-bdab-280a9ff27222', 0.12, 360, 202001095, '2'),
	('c82e1975-46c4-49ce-a6a7-407977851cb1', 0.13, 120, 202000387, '2'),
	('c843b74d-d4fb-4993-87f4-7bd7f0050ce2', 0.13, 180, 202000818, '2'),
	('c889a30c-a6ea-4ec6-8216-6841b5c6b264', 0.13, 90, 202000422, '2'),
	('c89ca5cc-3f6a-4860-9324-63555cb510aa', 0.13, 120, 202000325, '2'),
	('c8a4e2c3-2648-4bcd-a00c-2d76a3604f32', 0.135, 1080, 202000132, '5'),
	('c8a7d88d-0b8c-4bb5-9d21-11b811a70200', 0.13, 720, 202001029, '2'),
	('c8c42c10-49b6-48f2-84d6-e34c03464c1a', 0.13, 180, 202001199, '2'),
	('c8eec80f-ec55-4d10-9ccb-65aa9eded6da', 0.14, 240, 202000817, '1'),
	('c8eff2ea-7f13-4b19-ab99-25778c7a1856', 0.13, 120, 202000789, '2'),
	('c8fa68db-aea4-4538-93da-fe40263852d0', 0.13, 180, 202000384, '2'),
	('c90ca72c-7e95-4b82-bef0-232c9457f4ff', 0.13, 180, 202000772, '2'),
	('c92cecfc-1c73-43af-b7b1-69ea85a828e6', 0.13, 360, 202000555, '2'),
	('c93002e3-851a-45b0-b1a2-7683985ddc90', 0.135, 354, 202000676, '6'),
	('c946c664-9c72-4687-995b-302abdb01079', 0.13, 720, 202000956, '2'),
	('c9511bb2-1c63-4454-863c-42f39fb70cee', 0.13, 210, 202000139, '2'),
	('c958d0df-ce8e-4962-984e-15fcd29af844', 0.105, 720, 202001120, '3'),
	('c9668cec-a48f-46b6-87c0-1a4af9378d1e', 0.135, 180, 202000939, '6'),
	('c969af87-e212-4c62-b150-94f50317662f', 0.12, 180, 202001105, '2'),
	('c99e8b21-0d6d-4502-836b-fd68c5e4871a', 0.12, 1080, 202000746, '2'),
	('c9ad8f0b-792b-46a2-801c-f3e6761d18d6', 0.13, 210, 202000770, '2'),
	('c9ba0ac3-ac06-4c45-b00b-e7bb27ec4526', 0.13, 210, 202000470, '2'),
	('c9bb8854-1ce4-4297-948a-ae16a1579198', 0.12, 300, 202000256, '2'),
	('c9e93a0d-00f0-416e-ad31-b83ac2c73d8d', 4.2, 15, 202000333, '7'),
	('ca024ef7-2e2c-42ca-8e11-9b35db2a1222', 0.135, 120, 202000292, '6'),
	('ca085ddc-5d87-4769-84d4-3f2d60ff697a', 0.14, 720, 202000087, 'cbcb9728-762d-4632-9947-dd3e8652779c'),
	('ca37ed6c-7ed1-4703-b9c8-aab0fd95135b', 0.14, 60, 202001158, '6'),
	('ca5fa4d9-3c0e-4bff-b587-d4bd9b2b9b9c', 0.135, 360, 202001127, '5'),
	('ca95e6d6-33fb-4944-bd6d-19299f27d3b6', 0.13, 360, 202000594, '2'),
	('cadb3043-4162-4361-9b28-104d0b86a430', 0.14, 84, 202000483, '6'),
	('caee9f54-1be4-4313-8437-9ba758dd807e', 0.13, 360, 202001033, '2'),
	('caeff4e9-cac3-475e-b197-598a0b0cf440', 0.12, 120, 202000944, '2'),
	('cb2fa14b-05b0-40e9-b49b-1cba9b09604f', 0.13, 120, 202000059, '2'),
	('cb4b51ff-ded2-4b96-a64e-3e4b113e587f', 0.14, 348, 202000239, '6'),
	('cb8b21fd-63a7-4890-ae86-c97058b56f01', 0.095, 3600, 202000179, '3'),
	('cb9f5827-3f9a-460c-9fff-3654d67d7ada', 0.095, 1080, 202000029, '3'),
	('cbe11e53-29dd-47e1-8436-cd46a50881e9', 0.14, 80, 202000120, '5'),
	('cc2535f8-9b2f-4976-a298-64eccef4ef5c', 0.13, 150, 202001196, '2'),
	('cc3bbca6-3c85-4e88-b265-58c859416285', 0.13, 720, 202000295, '2'),
	('ccc0a493-6a23-48e7-8286-f7ae0a81862a', 0.13, 300, 202000360, '5'),
	('cd4853fd-18e6-463a-8bac-36685f8d7dcc', 0.12, 300, 202000451, '2'),
	('cd89d041-682a-427c-b88a-af61ada84d5c', 0.14, 30, 202000951, '6'),
	('cd9817ee-39c3-423a-8a00-63cf140a8dc3', 0.135, 102, 202001026, '6'),
	('cdd1082d-ead0-4709-ae98-fff33754d891', 0.135, 360, 202000974, '5'),
	('ce22e1dd-f7d9-4313-a504-b9c686957046', 0.135, 216, 202000137, '6'),
	('ce2576b0-68e0-4e84-a356-35dfa579add8', 0.105, 720, 202000617, '3'),
	('ce521d32-35ce-49a7-bd81-16a30c65c4c4', 0.12, 90, 202000767, '2'),
	('ce70a4f7-3aa1-427b-a57f-e56c33cee239', 0.14, 72, 202000887, '6'),
	('ce8f243e-9558-4b02-9f74-0a27e810e18e', 0.14, 40, 202000006, '5'),
	('ce9fc2eb-a557-4a32-a5c5-d85e2512f6a3', 0.13, 360, 202001053, '2'),
	('cede1c62-22b1-4d15-a35e-cdec60b32201', 0.12, 360, 202000226, '2'),
	('cefea571-6900-402c-9fb8-25f4dbaca650', 0.135, 360, 202000048, '5'),
	('cf29f5cf-8b02-4e41-97b7-665aa650eff1', 0.135, 96, 202001047, '6'),
	('cf3f30d5-2e84-4d5c-8ecf-2e1f59349134', 0.13, 60, 202000571, '2'),
	('cf81fff4-3ce2-4c23-b25f-c885b23356c6', 0.135, 240, 202000795, '6'),
	('cf8dae88-6551-4a04-bd5f-121589d52b2b', 0.14, 100, 202000119, '5'),
	('cf9053be-fa92-4710-8e96-7d67aac3f206', 0.13, 720, 202000011, '2'),
	('d029b886-fdb4-4c0d-8dd8-4b25b0abb9e0', 0.135, 360, 202000076, '6'),
	('d0338cff-38e7-4b89-87fb-d953cfdb115e', 0.135, 360, 202000277, '5'),
	('d034009c-1cb7-4d96-ae53-742d9cfb20fa', 0.14, 360, 202000237, 'cbcb9728-762d-4632-9947-dd3e8652779c'),
	('d0605d6b-df83-4835-a70d-1bd591db205a', 0.13, 210, 202000400, '2'),
	('d06f2601-dacd-42ed-9a25-49340575d11a', 0.13, 120, 202001170, '2'),
	('d07e8411-dabf-4859-bea6-e00e0349ca81', 0.13, 180, 202001084, '2'),
	('d07e9290-017e-4c25-a9c2-8576b9e6b0e9', 0.12, 360, 202001114, '2'),
	('d08e722f-8292-4fa4-8024-3eaf567fa524', 0.12, 270, 202000476, '2'),
	('d0cf04a9-87f4-4563-a87d-5ddff1b996f1', 0.13, 120, 202000765, '2'),
	('d0ecb484-65d2-4854-b05a-16b460d3f5c6', 0.12, 720, 202000687, '2'),
	('d144421f-76c9-45f0-8f61-b263f3a0750f', 0.135, 360, 202000275, '6'),
	('d168b378-5fcb-4b10-afd2-e0919ca9ac0c', 0.11, 1080, 202000095, '3'),
	('d24a8512-ddab-467b-be2b-ed066527d55f', 0.13, 120, 202001207, '2'),
	('d25cb91e-1c28-46ea-8da5-ea27235204d8', 0.12, 90, 202000605, '2'),
	('d282a1b7-011f-4650-8e0b-896cb402d3cb', 0.095, 4320, 202000798, '3'),
	('d2b7d385-453f-413a-a5b9-8e0b0c94823f', 0.135, 360, 202000045, '5'),
	('d2f328d1-8300-45df-a01e-cdf55bb5fdae', 0.13, 150, 202000540, '2'),
	('d315ae67-d437-4e66-99de-2357f40eec30', 0.13, 360, 202000189, '2'),
	('d317aacf-29eb-4b87-a1a2-370168220616', 0.14, 60, 202000118, '5'),
	('d32bed8f-5672-43d7-9daa-21f0938a6ed3', 0.135, 540, 202000199, '6'),
	('d3a33aa3-4b6c-4fe3-908a-d0a516ef6e5c', 0.13, 150, 202000773, '2'),
	('d42646b9-7bae-4504-85ab-094abdf59fcf', 0.14, 100, 202001082, '1'),
	('d441cda8-2f51-4298-929b-73606ffc7a81', 0.13, 90, 202000022, '2'),
	('d472a654-b110-4737-93d1-e6b87a38e927', 0.14, 60, 202000428, '6'),
	('d479771d-3100-4989-8508-fbca3c6a54b3', 0.135, 534, 202000131, '6'),
	('d49e5516-3042-4691-a785-5d60410b95dd', 3.95, 17000, 202000954, '7'),
	('d5643255-8d08-4d0a-ae95-cdb106d3fd54', 4.1, 23, 202000167, '4bd9496c-1552-468f-9497-b184d8eb47b7'),
	('d57f849f-554b-4658-9f46-249f9ff645cd', 0.13, 120, 202000538, '2'),
	('d59155b4-dcb3-4f03-9b63-e29596c60bd0', 0.13, 60, 202000645, '2'),
	('d59da14f-e9ee-4ac3-b5c5-dd52ae7cdb4c', 0.14, 100, 202001155, '5'),
	('d5e67025-d821-421f-87fd-b26304981cba', 0.105, 720, 202000616, '3'),
	('d5e7cfe5-a451-4695-a433-5dabbe0d99aa', 0.135, 66, 202000044, '6'),
	('d5ec0aa9-3c8e-4589-a10c-bcfc292681a1', 0.135, 144, 202000134, '6'),
	('d60a9011-e007-42ed-94a4-fabef6c3e120', 0.13, 180, 202000780, '2'),
	('d6280e30-d2a8-4336-80f4-0005db6a1f02', 0.13, 120, 202001012, '2'),
	('d648178a-315f-40d5-a7af-9282abcbb581', 0.13, 90, 202000576, '2'),
	('d66e4a6c-f0e4-486c-a8bd-a8060fe75388', 0.13, 360, 202000557, '2'),
	('d6748748-9d0e-4679-8a2c-78e61470a778', 0.13, 60, 202001094, '2'),
	('d6c39744-176e-4e24-8af8-1d0711d72c08', 0.13, 150, 202001067, '2'),
	('d6c3c951-3c50-4d90-b7c0-9a22360f2508', 0.14, 210, 202000426, '5'),
	('d6e02b9a-4dbc-478b-bf76-579770c54d3b', 0.13, 120, 202000831, '2'),
	('d7269071-ef83-4e94-b42d-b454bfc2d691', 0.14, 30, 202000633, '5'),
	('d763600a-7ff5-444a-948d-fb850d71efa3', 0.12, 360, 202000960, '2'),
	('d770f4fc-8b77-44f1-bc2a-11012bc15f74', 0.13, 360, 202000959, '2'),
	('d772632f-ebac-40fd-83ea-f5f6c549ab3b', 0.135, 360, 202000745, '6'),
	('d7f6b2aa-15dd-43df-afb8-f0a94f65ec70', 0.095, 1080, 202001098, '3'),
	('d8902580-f814-4bf1-b26e-5f10ec171b40', 0.12, 360, 202000271, '2'),
	('d91fa645-76b3-40e3-9e36-ddbb725e6219', 0.14, 150, 202000212, '5'),
	('d94b44fe-24e8-45a9-a6ba-ca4799de1b2e', 0.12, 360, 202000069, '2'),
	('d953c938-2ce6-43af-bb81-c6a083275afe', 0.135, 72, 202000045, '6'),
	('d9780e6d-06cb-4b0c-881e-b6d1381c6c0f', 0.13, 90, 202000412, '2'),
	('da4906db-4ad6-4e3e-b12d-b0534ea76c7d', 0.105, 720, 202001054, '3'),
	('da7147df-480a-4f6e-8538-f19918578ea3', 0.13, 150, 202000017, '2'),
	('db03a1b8-7a37-4cde-a99d-95f5f56f78bd', 0.12, 360, 202000160, '2'),
	('db46f5aa-1576-4b31-93c8-8f0019319911', 0.13, 100, 202000722, '5'),
	('db4cc9cc-6899-4fa0-b276-22c91492d423', 0.12, 90, 202001172, '2'),
	('db4fbb42-b8c0-4974-820f-1753c0041d8d', 0.13, 180, 202000888, '2'),
	('db7329b4-35f5-4fe0-8bae-e2a5242be2ba', 0.13, 90, 202000915, '2'),
	('db9227af-1a22-484d-be98-b31d880f9107', 0.12, 360, 202000102, '2'),
	('dba8849d-735d-4699-b5a6-8171adfe9314', 0.095, 4320, 202001091, '3'),
	('dbd6fd2f-ada4-4576-bdd6-225b66df927d', 3.65, 40, 202000313, '7'),
	('dc2d28e9-9406-482e-9377-5f9e478fb15d', 0.12, 1440, 202001028, '2'),
	('dc73674a-3bce-46af-89c3-70b5160ce663', 0.13, 150, 202000460, '2'),
	('dc9a4d85-7c5c-49b7-8c05-eadcba86e633', 0.14, 240, 202000431, '5'),
	('dd14fd5f-daea-45ef-9b20-403cb654e30f', 0.135, 350, 202000678, '5'),
	('dd1bb4e2-59b8-492c-8551-cbbef2e93987', 0.14, 30, 202000368, '6'),
	('dd1cfcb2-bf24-441f-9a66-b53cf1fd74e6', 0.135, 360, 202000795, '5'),
	('dd250c2c-f3b0-4513-8b58-1044371bc7df', 0.095, 7200, 202000658, '3'),
	('dd44f776-0dfb-4a28-813c-1988515a8741', 0.105, 1080, 202000923, '3'),
	('dd471191-7012-47b7-a4c7-5061e37583a8', 0.13, 120, 202000329, '2'),
	('de3a9517-4806-4adf-abb8-c66a8e4e86eb', 0.13, 210, 202000203, '2'),
	('de6ecfff-d211-4e3d-9e30-0e208aa199a9', 0.13, 90, 202000575, '2'),
	('de6f4233-7cef-4b74-98a4-bac9152bdd2a', 0.135, 100, 202000094, '5'),
	('de987cf9-0957-4608-86b2-002a7b82bc95', 0.135, 710, 202000123, '5'),
	('ded6f55e-6ba5-40ee-b7a6-fb8fc95ad07a', 0.14, 80, 202000700, '5'),
	('def838ff-5695-4a02-94a2-034187e61a02', 0.13, 720, 202000750, '5'),
	('defeb727-70bf-454d-9a2a-6156bc4f224f', 0.105, 2160, 202000842, '3'),
	('dfab4df9-451e-4bff-9fed-dcbf35eef426', 0.13, 360, 202000596, '5'),
	('dfdddba9-182d-4cd7-9b34-468787956f64', 0.13, 30, 202001209, '2'),
	('dfff3f7f-5391-428d-8134-4678920c3227', 0.13, 60, 202001190, '2'),
	('e008d5c8-703e-42e9-a9b2-9ba3931b8cb8', 0.105, 720, 202000113, '3'),
	('e0362a87-bdc9-4be2-9e5d-fb40a855ebfd', 0.13, 60, 202000590, '2'),
	('e0442206-f20c-434d-b98f-19fd642401f3', 0.095, 4320, 202000957, '3'),
	('e0483fd1-cf63-454f-804b-ef03ed0e4866', 0.095, 3960, 202000260, '3'),
	('e0a31369-a82f-4992-b113-63e5fb786fa8', 0.14, 30, 202001071, '5'),
	('e0a71e49-ef75-4e14-9475-358216fe8c63', 0.12, 300, 202000454, '2'),
	('e0cb636e-7664-4fb7-86d9-dbd5244741f7', 0.13, 120, 202000733, '2'),
	('e10e6685-7576-4b35-ac29-17334e132cbf', 0.13, 360, 202001074, '2'),
	('e18447b2-fcf1-4387-a51d-97adf78e60c7', 0.13, 720, 202000089, '5'),
	('e1d074eb-15ea-41ff-ac20-659af08ef95e', 0.12, 1440, 202000042, '2'),
	('e1d4cff9-4c97-426f-95df-4580e69e7ecb', 0.14, 60, 202000710, '5'),
	('e22d0a95-b3a1-48be-98c1-8da609944c6a', 0.13, 90, 202001060, '2'),
	('e2472c8a-6e93-4714-8f53-c112288e5e12', 0.13, 180, 202001019, '2'),
	('e2762450-a4a1-46d7-b1c3-620567c8f781', 0.13, 360, 202000109, '2'),
	('e28357e4-baae-4a77-ab15-ab55e88dc4f6', 0.14, 180, 202000670, '6'),
	('e29434d7-5028-49d6-99c2-d34853fc96c6', 0.135, 72, 202000962, '6'),
	('e2b7a4ec-9c0d-49e6-8cfa-f391791f6abc', 0.12, 210, 202000910, '2'),
	('e31c0ec9-ca12-40ef-a7d1-176924c6eea0', 0.14, 140, 202000630, '5'),
	('e377d2fb-6997-4332-a419-e0365b79d23f', 0.14, 60, 202000893, '5'),
	('e3934834-7af7-47ba-9751-ecbe7280bc21', 0.13, 60, 202000693, '2'),
	('e41728ef-71e1-480e-93a9-d4ef96167ec1', 0.12, 450, 202000009, '2'),
	('e41d13e0-f213-4bc3-a7f9-338e8a0930be', 0.12, 360, 202000506, '2'),
	('e537b4df-156d-4f8b-acb1-26cd3969f3a7', 0.135, 360, 202000201, '5'),
	('e548b10e-9b13-4858-8d86-d9e158558fe5', 0.13, 360, 202000914, '2'),
	('e54d87ff-9d6b-41f9-80bd-373d33eeb8d7', 0.13, 360, 202000972, '2'),
	('e588e08d-b3cb-4950-8d74-2d65b5cffb72', 0.13, 60, 202001208, '2'),
	('e5bf580e-e597-43a2-be5c-9df267957209', 0.13, 60, 202000371, '2'),
	('e5d56fac-cfa4-4c48-b17f-71dd6d3329b3', 0.13, 150, 202000465, '5'),
	('e5eef158-374d-4f83-bb1e-81b50dbd0cfe', 0.12, 720, 202000761, '2'),
	('e6a9ec17-0767-482a-b3c8-2940cfc84a71', 0.13, 270, 202000779, '2'),
	('e6d2757e-7f52-4c1c-9278-aed627b9fe8e', 0.13, 150, 202000999, '2'),
	('e6ea93dd-702b-459d-b5c8-b4d6cd4284ce', 0.135, 340, 202000813, '5'),
	('e6f187b6-5c05-4c38-a74c-ce7923e68725', 0.13, 300, 202000721, '5'),
	('e7075eff-bc4b-43cc-bad4-ef2029ddfdf6', 0.13, 180, 202000924, '2'),
	('e70bac33-0902-4e78-8d2b-23d0715333db', 0.14, 100, 202000834, '5'),
	('e714b632-5c18-435d-b46a-06a37c25f1d1', 0.13, 360, 202001080, '2'),
	('e75c0db3-b2c4-46e3-900d-8afdeeebb2f9', 0.12, 150, 202000379, '2'),
	('e7b0eaab-51bf-43a6-9c9c-e8dc91d4d8ab', 0.12, 360, 202000181, '2'),
	('e7b6c9f4-d4d4-4d3e-a113-545654ae7da8', 0.135, 360, 202000228, '6'),
	('e7c89713-c016-4f0c-9e38-d102bcb710bb', 0.13, 60, 202000164, '2'),
	('e7c92f6a-c82b-4846-8a6f-8e5d2b31b8ab', 0.12, 150, 202000475, '2'),
	('e7d422db-e3fb-4216-86fb-866d839974a3', 0.13, 180, 202000534, '2'),
	('e83f6f3d-c2ca-401a-937a-caf536179386', 0.14, 50, 202001136, '5'),
	('e88319a5-595e-4f59-82ed-90e75e836926', 0.13, 90, 202001148, '2'),
	('e88a7672-53e9-4912-b3ce-249fa51ae38f', 3.95, 1840, 202000249, '7'),
	('e8abb401-440c-463f-9458-4b6b4c68b35d', 0.105, 1800, 202000650, '3'),
	('e8c739fc-6d7b-424d-9c8d-b4f89e2b1195', 0.13, 90, 202000895, '2'),
	('e8e905ee-aacb-45d6-973f-ae2f8dcbc0dd', 0.13, 150, 202000522, '2'),
	('e94e8887-ad60-42b0-a3eb-d2aa2b07a069', 4, 15, 202000331, '7'),
	('e950f5e0-a1af-4fa6-88c2-6f8d1539e6f4', 0.13, 60, 202001036, '2'),
	('e972579e-39bd-4c00-b15e-d8b21d7f2afb', 0.13, 180, 202000991, '2'),
	('e9fb8775-ab1f-4248-b3e5-f855ac7d12b6', 0.135, 150, 202000190, '5'),
	('ea23ac93-70ba-4c4d-b14a-887111c8123c', 0.12, 300, 202000992, '2'),
	('ea73ca23-38ed-49da-a62c-0dfe42c8a915', 0.12, 300, 202000455, '2'),
	('ea9f894b-0720-483c-921a-9485b1632fa3', 0.14, 180, 202000147, '5'),
	('eae897b2-d388-4e84-bd74-978108ac1156', 0.13, 110, 202001147, '5'),
	('eb0d0bfb-d124-468b-8440-007bfd758c0a', 0.135, 1080, 202000975, '5'),
	('eb344c0d-4e7b-41df-a65e-cabbfd35ba47', 4.05, 3650, 202000169, '7'),
	('eb395024-9ae9-4dbb-8a62-b6ce77b1c35f', 0.14, 84, 202000644, '6'),
	('eb5bf5a2-ee7e-4870-a583-b5cc625f331f', 0.14, 250, 202000430, '5'),
	('eb7da7b3-b82f-4206-9b1a-51fc68e371bc', 0.14, 72, 202000884, '6'),
	('eba37ce2-d1e3-429f-829a-7c89f38446a8', 0.12, 360, 202000793, '2'),
	('eba4c349-de02-468c-bd80-ec396d8aa2bc', 0.135, 1080, 202000861, '5'),
	('ebbe924b-2f4e-4548-8e28-9c1a4cbdf8e1', 0.14, 100, 202000483, '5'),
	('ec1862fc-bc62-454a-878e-86ed237fa131', 0.095, 7200, 202001086, '3'),
	('ec784242-cf31-4acc-ab8c-8a342ac675cb', 0.13, 180, 202000627, '2'),
	('ec9190a0-17d1-45f4-bf71-aa736158db83', 0.135, 360, 202000812, '6'),
	('ec99d05d-1ee0-417f-a723-f3b2ef4f741f', 0.105, 540, 202000619, '3'),
	('eca88493-1b17-4833-8e1c-26f42d541d9c', 0.12, 360, 202000792, '2'),
	('eccdf849-4043-4f12-9af3-8443fec6d0d3', 0.14, 100, 202000482, '5'),
	('ecde96c2-0530-45fc-8490-1eeba5ed2450', 3.95, 20, 202000702, '4bd9496c-1552-468f-9497-b184d8eb47b7'),
	('ecf0941d-9ea6-4123-ab0b-530d396a1c45', 0.14, 84, 202000430, '6'),
	('ecf59ca0-1dcd-43e5-858f-0c17abf53a35', 0.13, 90, 202001140, '2'),
	('ed0daff9-d699-4a54-9d3f-113c335281d2', 0.14, 80, 202000870, '5'),
	('ed414f99-c697-4dbc-960d-70157ece56f3', 0.13, 200, 202000358, '5'),
	('ed6d2ed6-a089-436e-bf3f-f6ac22e4c594', 0.12, 360, 202000501, '2'),
	('ed98a9c7-c4e2-4951-93bb-4000b9b32253', 0.135, 1800, 202000304, '5'),
	('eda03934-62bb-490e-99a0-cf9abe30fccb', 0.13, 180, 202000421, '2'),
	('eda88ec5-34ec-45c8-9b72-0c3848da6e52', 0.13, 360, 202000106, '2'),
	('ee08be08-d70d-4e7d-86a5-11151400492c', 0.11, 1080, 202000091, '3'),
	('ee0b18fa-51e6-440b-9dd4-db82d88a58ff', 0.12, 720, 202000581, '2'),
	('ee656006-74ac-42f4-ae6b-b21f38ddca54', 0.135, 360, 202000066, '5'),
	('ee74e16a-2ea4-4ccd-bfeb-89389e3a5277', 0.12, 1080, 202000023, '2'),
	('eea786a8-65dc-4b9c-815f-95b5ff4d384c', 0.13, 540, 202000882, '2'),
	('eeb259f4-edca-4715-b758-2d3c55bf4460', 0.12, 150, 202000528, '2'),
	('eef5f0cd-e5c0-40d2-bb2b-13154eeca7bb', 0.13, 120, 202000572, '2'),
	('ef0cfb36-2632-41d8-aa0c-2e28eb8a3b79', 0.13, 270, 202001171, '2'),
	('ef634a74-ed15-42e9-a5fc-38418dfcb57b', 0.12, 150, 202001079, '2'),
	('ef63dd66-d070-4fbf-8cf8-131cb820a330', 0.13, 90, 202001198, '2'),
	('ef678d51-4f9e-43e9-b820-ba7dc1527b77', 0.12, 360, 202000997, '2'),
	('ef7ffc51-b28a-4952-aa28-1da4330d03f2', 0.13, 120, 202000078, '2'),
	('ef8f69e1-7d6a-4c18-b182-3eb65fbc3572', 0.13, 240, 202001063, '2'),
	('efaf7d61-5cad-4786-bdba-952995b148d7', 0.13, 360, 202000385, '2'),
	('efb1246c-ad1f-48df-b50f-038677f1864e', 0.13, 150, 202000639, '2'),
	('efb4436e-05e6-4676-9e44-4d9a21bc8a00', 0.135, 1400, 202000130, '5'),
	('efdf65df-d440-4775-be85-2fe4b531ff7b', 0.13, 180, 202000613, '2'),
	('eff29315-0bbd-436b-8dbc-f68928fcdcbd', 0.135, 354, 202000133, '6'),
	('f060181a-5dcf-445e-b170-07eb04ba55b8', 0.13, 30, 202000394, '2'),
	('f068df8a-0ebf-4620-b448-f97e58963532', 0.13, 180, 202000518, '2'),
	('f07b2a45-d9ed-432b-8cea-7890731e208c', 0.135, 360, 202000050, '5'),
	('f085d8bf-7a18-4f18-8b4e-0df3255f61e0', 0.13, 60, 202000727, '2'),
	('f087962c-e301-4ac2-b277-7268dbce335f', 0.12, 150, 202000994, '2'),
	('f0f69218-cb53-4957-861d-190cae20d72f', 0.13, 720, 202000284, '2'),
	('f12fd14f-cd64-422a-a81b-36b6c7e00516', 2, 50, 202000171, '679d1143-d92a-48c6-a521-81681133c791'),
	('f17d1195-7e4f-4b48-964c-3abdedfb24cc', 0.13, 710, 202000300, '5'),
	('f18be54d-b14c-4ef0-b0d1-e306fb1c5869', 0.105, 360, 202000993, '3'),
	('f2071275-67aa-47fa-8025-7b53592631ed', 0.12, 180, 202000290, '2'),
	('f216b409-4f11-409f-b47a-cf77fb879ac8', 0.13, 120, 202000568, '2'),
	('f29f5c5b-c5dd-444a-bbc3-5536ef0fd97f', 0.13, 120, 202000232, '2'),
	('f2e1e3d3-8f94-4652-8714-ef32e2c9bdd1', 0.14, 60, 202000998, '6'),
	('f32951e2-59af-4642-88c5-4e8718ad1286', 0.13, 30, 202001142, '2'),
	('f37283d2-7ac9-4963-8fe3-fceff7ce5d09', 0.11, 1980, 202001186, '3'),
	('f39f531d-8c3b-4522-baff-6ddd8720bb26', 0.12, 60, 202001162, '2'),
	('f3dc2700-bc00-47b8-8091-7a5b7d71f9d6', 0.13, 180, 202000245, '2'),
	('f4327544-ac96-4e5c-a68d-5b63264f849f', 0.135, 1780, 202000863, '5'),
	('f44fd367-8a81-40b0-b210-412c29e07323', 0.135, 288, 202000126, '6'),
	('f459024d-42fb-4e7e-8019-901fdf1e8f00', 0.13, 60, 202000917, '2'),
	('f46cef48-b764-451a-bcab-2d509ecee105', 0.13, 120, 202000574, '2'),
	('f50f090d-3b47-49ea-bd55-c88e93000755', 0.13, 240, 202000019, '2'),
	('f5145d25-ed38-4963-ac8e-f79518dc445d', 0.12, 1080, 202000849, '2'),
	('f523947c-f41b-41e2-bec3-182ce748b3bc', 0.12, 720, 202000580, '2'),
	('f552ff24-1add-4089-a00c-d46859b8e53e', 0.13, 210, 202001204, '2'),
	('f563e9fd-89f4-4d6d-936d-b5aa31ca1a43', 0.12, 360, 202000503, '2'),
	('f5bb813b-7137-43ec-b061-d8edaa46a847', 0.135, 360, 202001107, '6'),
	('f6287e74-63f5-4072-9352-71512565910e', 0.13, 150, 202001093, '2'),
	('f670b75b-7abf-4b5d-817e-39f9dfb284c9', 0.13, 250, 202000985, '5'),
	('f6eeda0d-3f48-4c00-9c66-2c79784b8781', 0.13, 90, 202000390, '2'),
	('f6f2afb5-8cac-41db-bd91-09b34ea13c13', 0.13, 180, 202000626, '2'),
	('f6f2ed1a-a292-4b36-b3c1-7b7575d9bff2', 0.14, 360, 202000211, '2'),
	('f7136395-92fb-484e-8f8d-60ddebf85d6a', 0.14, 80, 202000493, '1'),
	('f767c138-faa9-4b06-8f39-f4a08f00c2e8', 0.13, 210, 202000690, '2'),
	('f7b288ac-8ade-4887-bb15-076c17d47e53', 0.14, 360, 202000753, '6'),
	('f7c88658-376f-4361-be65-ec2e23cd5a4e', 0.135, 1080, 202000275, '5'),
	('f7ce94b3-2f6c-4b8d-a2e6-a0edf6d8c23c', 0.14, 360, 202000158, '2'),
	('f80d0523-3433-4924-8fb3-96f95d0ce140', 0.13, 60, 202000539, '2'),
	('f80df54e-26d8-4038-8d33-540dfa5c8398', 0.13, 90, 202000982, '2'),
	('f8869558-d8ab-4a8b-94e1-f735838fb1ba', 0.13, 90, 202000523, '2'),
	('f8cefdf7-9a95-4630-8cfa-5537cb422e87', 0.12, 480, 202001056, '2'),
	('f8ff558c-f167-404f-b664-ca63fc97e90c', 0.13, 360, 202001146, '5'),
	('f96bdf65-e072-4284-add0-36b8a76d2d64', 0.14, 150, 202000865, '5'),
	('f9968e33-5437-45f2-81e6-875d3103b36f', 0.12, 240, 202000365, '2'),
	('f9e4a264-c441-4004-8592-af4645c7768d', 0.13, 60, 202001133, '2'),
	('f9ea1ae6-8f8d-476e-ada5-51b8f9385616', 0.13, 120, 202000776, '2'),
	('fa1b6f1b-a3d3-4288-b13c-4766bc458387', 0.095, 4320, 202000186, '3'),
	('fa257e32-9ed5-445c-8839-d973033b022c', 0.12, 360, 202001046, '2'),
	('fa69b418-476f-4026-92d3-77cb743a9c2b', 0.135, 180, 202001112, '5'),
	('fa769eaa-3476-47b3-9a4d-95e17018b72e', 0.13, 150, 202000836, '2'),
	('fa9a0fed-9875-4d03-b47c-aaa744e19c05', 0.13, 150, 202000826, '2'),
	('fa9a6b97-c353-42b5-884f-2aacd75acd46', 0.14, 230, 202000148, '5'),
	('fad0b0b3-7fe9-402b-82c3-b28865c49514', 0.14, 360, 202000709, 'cbcb9728-762d-4632-9947-dd3e8652779c'),
	('fb384719-df6a-4ab8-a467-ba2f5649f5d1', 0.13, 210, 202001097, '2'),
	('fb52cdfe-fe93-4c7a-b0f4-f65547143017', 0.13, 60, 202000989, '5'),
	('fb535e65-1dcd-420c-9556-cf20c8e1748c', 0.13, 180, 202001161, '2'),
	('fb8c416d-ba5c-465e-875c-bcfbc0b91908', 0.13, 300, 202000018, '2'),
	('fbee6fec-15af-445f-a9fe-6cd38aa0e17d', 0.095, 3600, 202000061, '3'),
	('fcafd57a-3fb5-41ac-a7e6-2672035192e6', 0.13, 210, 202001189, '2'),
	('fccd6b17-4e16-4e52-be3d-e873e642184f', 0.135, 108, 202000202, '6'),
	('fcff270e-1258-4569-99dd-57c4f8937bd9', 0.14, 348, 202000859, '6'),
	('fd376bca-6954-4700-95ef-aef7ea22534f', 0.14, 180, 202001121, '6'),
	('fd573fee-c168-430b-97ca-f8a99d6bc7c1', 0.135, 360, 202001037, '6'),
	('fd5d6f82-b7af-49ee-9573-b7c5558e4a2a', 0.13, 150, 202000783, '2'),
	('fe168f93-0b4f-491e-9306-7517315ca25f', 0.13, 360, 202000628, '2'),
	('fe48bf06-9141-428a-a82e-67bbd1a13e71', 0.135, 360, 202000848, '6'),
	('fe98b64b-b82f-4048-945d-b4a621c57d4f', 0.13, 120, 202000178, '2'),
	('fea2c0ce-0fa4-4052-8228-e4d275514041', 0.13, 540, 202001153, '2'),
	('feb4913c-761a-4383-bb43-be8d4d4bea56', 0.13, 120, 202000485, '2'),
	('feb7c9d9-b88b-462c-b66d-1f9374108de7', 0.13, 60, 202000633, '2'),
	('feccf06c-2e3e-4a76-ad12-a13b09b2446b', 0.13, 210, 202000554, '2'),
	('fef6edf0-ad97-4375-b3fd-9c4835caadfd', 0.14, 90, 202000643, '5'),
	('ff271770-3495-403a-aade-faccc17fd70f', 0.13, 360, 202000301, '2'),
	('ff32a235-0e85-489b-a6a4-1902ee6c99e6', 0.095, 3600, 202000038, '3');

INSERT INTO hens_batch
	(id, name, birth_timestamp, breed, animal_quantity, end_timestamp)
VALUES
	('a', 'Lote 2020 A', 0, 'Raza A', 5000, NULL),
	('b', 'Lote 2020 B', 0, 'Raza A', 7500, NULL);


INSERT INTO hens_batch_report
	(id, hens_batch_id, report_timestamp, max_temperature, min_temperature, num_xl, num_l, num_m, num_s, num_xs, dirties, brokens, deaths, departures, water_reading, poultry_mash_addition_quantity, poultry_mash_addition_feed_turn, poultry_mash_max_feed_turns, comments)
VALUES
	('2763487', 'a', 1602288000000, 23.5, 20.1, 150, 3000, 2500, 150, 0, 30, 15, 1, 0, 0, 2200, 2, 5, NULL),
	('2763488', 'a', 1602374400000, 23.5, 20.1, 150, 3000, 2500, 150, 0, 30, 15, 2, 0, 800, NULL, NULL, NULL, NULL),
	('2763489', 'a', 1602460800000, 23.5, 20.1, 150, 3000, 2500, 150, 0, 30, 15, 1, 0, 1650, NULL, NULL, NULL, NULL),
	('2763490', 'a', 1602547200000, 23.5, 20.1, 150, 3000, 2500, 150, 0, 30, 15, 3, 0, 2500, NULL, NULL, NULL, NULL),
	('2763491', 'a', 1602633600000, 23.2, 20.3, 160, 1950, 2300, 180, 0, 30, 15, 1, 0, 3310, 2100, 3, 5, 'Las gallinas estuvieron 6 horas sin comida porque a cierto granjero se le olvido cambiar de silo'),
	('2763492', 'a', 1602720000000, 23.2, 20.3, 160, 1950, 2300, 180, 0, 30, 15, 2, 0, 4130, NULL, NULL, NULL, NULL),
	('2763493', 'a', 1602806400000, 23.2, 20.3, 160, 1950, 2300, 180, 0, 30, 15, 1, 0, 4960, NULL, NULL, NULL, NULL),
	('2763494', 'a', 1602892800000, 23.2, 20.3, 160, 1950, 2300, 180, 0, 30, 15, 2, 0, 5800, NULL, NULL, NULL, NULL),
	('2763495', 'a', 1602979200000, 23.5, 20.1, 150, 3000, 2500, 150, 0, 30, 15, 1, 0, 6590, 1000, 2, 5, NULL);